step,wallclock_time,elapsed_time,train_loss,val_loss,val_perplexity,learning_rate,tokens_per_sec
0,184.75303983688354,3.0792173306147257,9.256197929382324,,,0.0,77.26603218792937
0,208.22893071174622,3.4704821785291036,,9.258789777755737,10496.422646447521,,
50,213.4437756538391,3.5573962608973186,8.177266120910645,,,3.75e-05,86696.52042531074
100,218.15727996826172,3.635954666137695,6.333996772766113,,,7.5e-05,85815.46130657282
150,222.86643624305725,3.7144406040509543,4.946228504180908,,,0.0001125,86157.38729494838
200,227.54224061965942,3.7923706769943237,4.071110725402832,,,0.00015,88773.84295487899
250,232.23297238349915,3.8705495397249856,3.819880485534668,,,0.00018749999999999998,87357.56202408708
300,236.9663417339325,3.9494390288988748,3.557508707046509,,,0.000225,88132.40062072768
350,241.67807149887085,4.027967858314514,3.175485134124756,,,0.0002625,87103.1109128151
400,245.14866089820862,4.085811014970144,3.153730869293213,,,0.0002999999999999999,87863.98461601407
400,245.70133543014526,4.095022257169088,,3.111042821407318,22.444437741240023,,
450,251.9747564792633,4.199579274654388,2.936768054962158,,,0.00029999893793135975,89459.6149458057
500,256.73901104927063,4.278983517487844,3.0421156883239746,,,0.0002999957517421499,90586.99652255069
550,261.515340089798,4.358589001496633,2.9017128944396973,,,0.0002999904414825032,84689.76436052086
600,266.3028347492218,4.438380579153697,2.7464990615844727,,,0.0002999830072359731,77166.07534305028
650,271.0549385547638,4.517582309246063,2.6406030654907227,,,0.0002999734491195325,87877.9172263513
700,275.8041307926178,4.596735513210296,2.564361572265625,,,0.00029996176728357235,87128.95327306614
750,279.46888303756714,4.657814717292785,2.3945398330688477,,,0.0002999479619118987,88078.85724246479
800,284.2389073371887,4.737315122286478,2.5577783584594727,,,0.00029993203322173,89956.61410779691
800,284.79855847358704,4.74664264122645,,2.55621622800827,12.886963616210242,,
850,291.2048316001892,4.853413860003154,2.4903242588043213,,,0.0002999139814636938,88462.77601188437
900,295.9603741168976,4.932672901948293,2.506166458129883,,,0.00029989380692182295,87753.57904522562
950,300.61785888671875,5.010297648111979,2.486269474029541,,,0.0002998715099135508,87758.50995336198
1000,305.38910245895386,5.089818374315898,2.3934741020202637,,,0.00029984709078970605,78050.04774355049
1050,309.3317470550537,5.155529117584228,2.2844371795654297,,,0.0002998205499345079,67779.64418966608
1100,317.82125544548035,5.297020924091339,2.378476142883301,,,0.0002997918877655594,67643.1391065368
1150,326.13414311408997,5.435569051901499,2.270364284515381,,,0.00029976110473384123,54199.53082661224
1200,336.55438256263733,5.609239709377289,2.369070529937744,,,0.0002997282013237043,43277.55453252706
1200,337.73644757270813,5.628940792878469,,2.3055585503578184,10.029778824729906,,
1250,348.0200810432434,5.800334684054056,2.332716464996338,,,0.00029969317805286257,61228.860411034824
1300,356.9589014053345,5.949315023422241,2.3698487281799316,,,0.0002996560354723842,55875.307947493726
1350,366.67484974861145,6.111247495810191,2.4188244342803955,,,0.0002996167741666837,47341.02658612936
1400,375.08709836006165,6.251451639334361,2.182936429977417,,,0.00029957539475351216,63826.653158198795
1450,385.2733314037323,6.421222190062205,2.2762060165405273,,,0.00029953189788394776,56536.625461749456
1500,395.0997836589813,6.584996394316355,2.138173818588257,,,0.00029948628424238555,59646.835218287204
1550,404.4726219177246,6.7412103652954105,2.260695695877075,,,0.0002994385545465265,56234.23861108883
1600,413.9544897079468,6.899241495132446,1.9646998643875122,,,0.0002993887095473663,40583.55050658956
1600,414.659245967865,6.91098743279775,,2.176919138431549,8.819093953941902,,
1650,431.19941210746765,7.186656868457794,2.136384963989258,,,0.0002993367500291838,27462.15202926548
1700,439.24250650405884,7.320708441734314,2.145477294921875,,,0.000299282676809528,47763.71843657427
1750,450.64321851730347,7.510720308621725,2.067927360534668,,,0.0002992264907392061,53945.862760428936
1800,460.0915653705597,7.668192756175995,2.066133975982666,,,0.00029916819270226923,46212.817790187364
1850,468.0083611011505,7.800139351685842,2.05288028717041,,,0.0002991077836159993,48572.759137501824
1900,478.37704133987427,7.972950688997904,2.0172715187072754,,,0.0002990452644308939,48089.81270302915
1950,487.90735602378845,8.13178926706314,2.14310359954834,,,0.00029898063613065175,26490.04832234841
2000,496.5558342933655,8.275930571556092,2.072195053100586,,,0.0002989138997321573,27273.24841308332
2000,497.3235032558441,8.288725054264068,,2.0990825653076173,8.158681420612371,,
2050,512.3401687145233,8.539002811908722,1.9737399816513062,,,0.0002988450562854644,24281.522488493396
2100,520.0796189308167,8.667993648846943,2.013396739959717,,,0.0002987741068737798,53391.270193583674
2150,526.7674551010132,8.779457585016887,1.9312752485275269,,,0.00029870105261344654,52813.76606520613
2200,535.0784213542938,8.91797368923823,1.990456461906433,,,0.0002986258946539259,48510.08027378191
2250,543.6401755809784,9.060669593016307,1.974241018295288,,,0.00029854863417777945,49279.64311858184
2300,553.5285074710846,9.225475124518077,1.9113988876342773,,,0.00029846927240065075,61761.21159307752
2350,560.0868051052094,9.334780085086823,1.940479040145874,,,0.00029838781057124565,57181.98249246111
2400,568.9630630016327,9.482717716693879,1.8939990997314453,,,0.0002983042499713132,51633.76171649002
2400,570.2176547050476,9.50362757841746,,2.01441376209259,7.496331459132929,,
2450,585.7928655147552,9.763214425245922,2.0335521697998047,,,0.00029821859191562507,58623.961563135555
2500,592.9192261695862,9.881987102826436,1.9821367263793945,,,0.0002981308377519551,59446.63407342303
2550,601.2867960929871,10.021446601549785,1.9800817966461182,,,0.0002980409888610581,69997.20572938418
2600,609.8376576900482,10.163960961500804,2.009469985961914,,,0.0002979490466566481,55710.243512042
2650,617.9200575351715,10.298667625586193,1.9302144050598145,,,0.00029785501258537564,70158.99907910508
2700,625.2269802093506,10.420449670155843,1.8964207172393799,,,0.0002977588881268059,49464.094161004265
2750,632.8790488243103,10.547984147071839,1.972090482711792,,,0.0002976606747933948,55538.34028322183
2800,642.1048641204834,10.70174773534139,1.8481943607330322,,,0.0002975603741304653,38541.79266466478
2800,643.3519749641418,10.722532916069031,,1.9426746129989625,6.977387848547849,,
2850,659.8848655223846,10.998081092039744,1.9031314849853516,,,0.00029745798771618325,52624.729473748695
2900,669.1545114517212,11.15257519086202,1.9187021255493164,,,0.0002973535171615321,49915.144143424324
2950,678.0120484828949,11.300200808048249,1.9434471130371094,,,0.0002972469641102884,49512.5632140181
3000,687.2941002845764,11.454901671409607,1.905344009399414,,,0.00029713833023899507,61264.56001512012
3050,697.0919110774994,11.618198517958323,1.885814905166626,,,0.0002970276172569355,26330.370787472595
3100,707.4345149993896,11.790575249989827,1.9340708255767822,,,0.00029691482690610653,51593.44531218326
3150,716.724161863327,11.945402697722118,1.880178689956665,,,0.000296799960961191,57764.35187432964
3200,727.8735208511353,12.131225347518921,1.9374234676361084,,,0.0002966830212295299,51740.048499888566
3200,728.567387342453,12.142789789040883,,1.9116221845149994,6.764052444733008,,
3250,744.806266784668,12.413437779744466,1.9125850200653076,,,0.000296564009551094,70714.18239294006
3300,753.6956510543823,12.561594184239706,1.7529966831207275,,,0.00029644292779845477,47303.02993357425
3350,762.5985589027405,12.709975981712342,2.0250484943389893,,,0.00029631977787675473,52384.35770434019
3400,771.4783627986908,12.857972713311513,1.7846938371658325,,,0.00029619456172367805,56450.33510330687
3450,779.4472162723541,12.990786937872569,1.9750308990478516,,,0.00029606728130941956,22806.87182918346
3500,787.7927837371826,13.129879728953044,1.8928637504577637,,,0.00029593793863665367,44810.54277509266
3550,797.858161687851,13.29763602813085,1.8336269855499268,,,0.0002958065357405034,55245.62198908263
3600,807.5987677574158,13.459979462623597,1.7689282894134521,,,0.0002956730746885081,47895.54672290765
3600,808.451367855072,13.4741894642512,,1.8617600500583649,6.43505282519794,,
3650,825.5141546726227,13.758569244543711,1.883772373199463,,,0.00029553755758059044,70644.97620751195
3700,834.900449514389,13.915007491906485,1.8003582954406738,,,0.0002953999865490241,51245.71338573282
3750,842.5675733089447,14.042792888482412,1.8757246732711792,,,0.0002952603637584001,59495.94012958993
3800,851.7432858943939,14.195721431573231,1.7182269096374512,,,0.0002951186914055921,56033.676509055804
3850,860.4619469642639,14.341032449404398,1.8256232738494873,,,0.00029497497171972263,47476.03846749055
3900,868.5232074260712,14.47538679043452,1.9151638746261597,,,0.0002948292069621275,44037.227335586475
3950,876.6398415565491,14.610664025942485,1.7869212627410889,,,0.00029468139942632045,44495.96330479578
4000,885.43306183815,14.7572176973025,1.8162376880645752,,,0.00029453155143795715,54400.761185806296
4000,886.3228747844696,14.772047913074493,,1.8287652611732483,6.226194186700001,,
4050,903.0547430515289,15.050912384192149,2.0048928260803223,,,0.00029437966535479805,27434.304773812975
4100,911.3789055347443,15.18964842557907,1.845961570739746,,,0.0002942257435666723,39233.16434322201
4150,919.2810084819794,15.321350141366322,1.9056518077850342,,,0.00029406978849543896,65350.52639907489
4200,928.4692556858063,15.474487594763438,1.8947244882583618,,,0.0002939118025949499,42371.93167165696
4250,936.2757387161255,15.604595645268757,1.9232224225997925,,,0.00029375178835101053,43051.22002523452
4300,945.3113393783569,15.755188989639283,1.6932331323623657,,,0.0002935897482813411,25345.69427371788
4350,955.1581377983093,15.919302296638488,1.7027968168258667,,,0.0002934256849355367,23009.297787849446
4400,962.4903981685638,16.04150663614273,1.7327213287353516,,,0.00029325960089502756,63634.68370024799
4400,963.2375099658966,16.05395849943161,,1.8120249807834625,6.1228335074088704,,
4450,981.5193350315094,16.35865558385849,1.7558128833770752,,,0.00029309149877303805,60487.27903402699
4500,989.4717738628387,16.49119623104731,1.8795287609100342,,,0.00029292138121454596,54516.94126532309
4550,997.4281167984009,16.623801946640015,1.8808972835540771,,,0.00029274925089624044,68762.93491086367
4600,1005.8902552127838,16.76483758687973,1.800361156463623,,,0.0002925751105264802,64223.93007837398
4650,1015.0657606124878,16.917762676874798,1.7887753248214722,,,0.0002923989628452508,50297.95230148553
4700,1022.8829081058502,17.04804846843084,1.862404465675354,,,0.0002922208106241216,55367.67310264368
4750,1030.204167842865,17.17006946404775,1.7976250648498535,,,0.000292040656666202,47758.40729224726
4800,1040.6153094768524,17.343588491280872,1.765303134918213,,,0.0002918585038060976,55240.204062340235
4800,1041.3827846050262,17.356379743417104,,1.7761339008808137,5.9069752648184,,
4850,1056.916573047638,17.615276217460632,1.7339690923690796,,,0.0002916743549098651,66996.46173314693
4900,1066.6030821800232,17.77671803633372,1.7398569583892822,,,0.0002914882128749678,55548.75566929809
4950,1076.025285243988,17.933754754066467,1.7297577857971191,,,0.0002913000806302297,38783.89481763755
5000,1086.7433445453644,18.112389075756074,1.7248151302337646,,,0.00029110996113578935,52493.59999144452
5050,1097.6143553256989,18.29357258876165,1.7958660125732422,,,0.00029091785738305357,48311.32409749513
5100,1108.1525268554688,18.46920878092448,1.7561802864074707,,,0.00029072377239465,52769.884642556564
5150,1117.914889574051,18.631914826234183,1.7658615112304688,,,0.0002905277092243799,59388.78581848602
5200,1126.9883267879486,18.783138779799142,1.8041636943817139,,,0.0002903296709571698,38164.21440987745
5200,1127.6452507972717,18.794087513287863,,1.7282316565513611,5.630688109118226,,
5250,1146.3997316360474,19.106662193934124,1.7161588668823242,,,0.00029012966070902306,24434.130365184938
5300,1154.8916370868683,19.248193951447806,1.6902977228164673,,,0.00028992768162697117,38985.30593146204
5350,1164.597000360489,19.40995000600815,1.660111427307129,,,0.00028972373688902363,43696.33406839368
5400,1173.4570133686066,19.557616889476776,1.630586862564087,,,0.00028951782970411844,47267.50000068783
5450,1182.8538563251495,19.714230938752493,1.6883749961853027,,,0.00028930996331207135,68094.23546595163
5500,1192.0869941711426,19.868116569519042,1.792364239692688,,,0.0002891001409835248,54855.426063550396
5550,1201.3502643108368,20.022504405180612,1.6274768114089966,,,0.00028888836601989696,37345.83678571196
5600,1210.0030205249786,20.166717008749643,1.8760793209075928,,,0.00028867464175332935,40678.05767662119
5600,1210.8863878250122,20.181439797083538,,1.7535222113132476,5.774907340321998,,
5650,1218.7005677223206,20.311676128705344,1.757795810699463,,,0.0002884589715466343,52571.26607750496
5700,1228.362305879593,20.472705097993217,1.7188889980316162,,,0.00028824135879324236,73736.35055506555
5750,1236.8252811431885,20.613754685719808,1.7465059757232666,,,0.00028802180691714883,56270.61585022338
5800,1244.1452140808105,20.73575356801351,1.7765637636184692,,,0.0002878003193728599,22836.445255586033
5850,1252.73788022995,20.878964670499165,1.709646463394165,,,0.00028757689964533815,59354.623024448556
5900,1260.9002306461334,21.015003844102225,1.7928273677825928,,,0.00028735155124994774,26115.03805026499
5950,1270.1899659633636,21.16983276605606,1.7195934057235718,,,0.0002871242777323992,51369.446261259574
6000,1277.3113434314728,21.288522390524545,1.685301661491394,,,0.00028689508266869384,26915.586850429354
6000,1278.0483095645905,21.30080515940984,,1.7074544847011566,5.514905319268976,,
6050,1297.349237203598,21.622487286726635,1.7407552003860474,,,0.0002866639696650669,44780.34962823946
6100,1304.70485663414,21.745080943902334,1.6623167991638184,,,0.00028643094235793133,43969.321526192405
6150,1313.440810918808,21.890680181980134,1.8054914474487305,,,0.0002861960044138205,45525.747375227234
6200,1321.7693943977356,22.02948990662893,1.793133020401001,,,0.0002859591595293303,69994.63907058797
6250,1331.0995376110077,22.184992293516796,1.6626447439193726,,,0.00028572041143106093,50330.14890865067
6300,1340.5228052139282,22.34204675356547,1.835815668106079,,,0.0002854797638755588,46343.83770361568
6350,1348.7971258163452,22.479952096939087,1.6943397521972656,,,0.0002852372206492566,69756.75975353507
6400,1356.956758260727,22.615945971012117,1.7432793378829956,,,0.00028499278556841465,48384.320837241
6400,1357.653538942337,22.627558982372285,,1.7200364470481873,5.584732007563348,,
6450,1365.849913597107,22.76416522661845,1.7052197456359863,,,0.0002847464624790598,63038.220180456534
6500,1375.9689888954163,22.932816481590272,1.7771351337432861,,,0.00028449825525692616,56009.927929866426
6550,1387.539626121521,23.125660435358682,1.7432198524475098,,,0.00028424816780739295,40200.275610321114
6600,1396.7277088165283,23.278795146942137,1.8004875183105469,,,0.00028399620406542353,37418.27036975326
6650,1406.718680381775,23.44531133969625,1.673830509185791,,,0.0002837423679955039,39863.76878838048
6700,1415.9440615177155,23.599067691961924,1.705843210220337,,,0.0002834866635915795,62735.054424352194
6750,1425.024293422699,23.750404890378316,1.7872768640518188,,,0.00028322909487699306,61522.12623233195
6800,1433.0845348834991,23.88474224805832,1.7099006175994873,,,0.0002829696659044209,56439.30079124034
6800,1433.8800160884857,23.898000268141427,,1.7060680389404297,5.507264500182833,,
6850,1451.7765555381775,24.196275925636293,1.6752268075942993,,,0.0002827083807558094,26954.585858776038
6900,1460.9580099582672,24.34930016597112,1.7734265327453613,,,0.00028244524354231065,44398.10565950942
6950,1470.4192714691162,24.506987857818604,1.6832733154296875,,,0.00028218025840421755,67994.78828248527
7000,1481.1274154186249,24.68545692364375,1.8177342414855957,,,0.00028191342951089924,45819.765816007435
7050,1490.4310359954834,24.84051726659139,1.7444570064544678,,,0.0002816447610607348,51978.77623238744
7100,1500.8292620182037,25.013821033636727,1.6897614002227783,,,0.00028137425728104785,43703.3370066802
7150,1511.7612755298615,25.196021258831024,1.6734809875488281,,,0.0002811019224280395,27173.512715734898
7200,1521.2737939357758,25.35456323226293,1.719731092453003,,,0.0002808277607867218,46660.20946736884
7200,1520.8329887390137,25.34721647898356,,1.7093560636043548,5.525402324155654,,
7250,1531.1037175655365,25.518395292758942,1.7313247919082642,,,0.0002805517766708501,60462.15959949673
7300,1540.0272059440613,25.667120099067688,1.6624770164489746,,,0.00028027397442285495,69413.7530944507
7350,1549.8990273475647,25.831650455792744,1.6804797649383545,,,0.00027999435841377434,55091.14056524967
7400,1556.783088684082,25.946384811401366,1.7191931009292603,,,0.0002797129330431844,54538.48812953466
7450,1565.689308643341,26.09482181072235,1.6954504251480103,,,0.00027942970273913054,52196.156911713995
7500,1575.2603783607483,26.254339639345805,1.7359893321990967,,,0.0002791446719580575,56311.931087831545
7550,1583.7452251911163,26.39575375318527,1.6513209342956543,,,0.00027885784518473955,41708.58196782006
7600,1592.6685280799866,26.544475467999778,1.6177611351013184,,,0.00027856922693220946,52470.11252756382
7600,1593.6717569828033,26.56119594971339,,1.6999048471450806,5.473426554785152,,
7650,1612.5089859962463,26.875149766604107,1.4964848756790161,,,0.0002782788217416879,25811.56689123001
7700,1621.4810709953308,27.024684516588845,1.6805402040481567,,,0.0002779866341825119,64690.792916341896
7750,1631.6082656383514,27.193471093972523,1.7195208072662354,,,0.0002776926688520628,43486.51397502164
7800,1640.5840187072754,27.34306697845459,1.6974692344665527,,,0.0002773969303756941,46956.59675237176
7850,1648.5979413986206,27.476632356643677,1.7198607921600342,,,0.00027709942340665853,51523.89276470676
7900,1657.309506893158,27.621825114885965,1.6664330959320068,,,0.00027680015262603497,52186.88144253172
7950,1665.424247264862,27.7570707877477,1.716041088104248,,,0.00027649912274265473,49241.78872302859
8000,1674.4666731357574,27.90777788559596,1.6246378421783447,,,0.00027619633849302737,49073.072257649874
8000,1675.2419612407684,27.920699354012807,,1.6734103202819823,5.330314916918427,,
8050,1691.7883186340332,28.196471977233887,1.5790998935699463,,,0.0002758918046412663,54333.40402000674
8100,1700.148995399475,28.33581658999125,1.5875449180603027,,,0.0002755855259790139,54281.55908693805
8150,1708.5861403942108,28.476435673236846,1.7152409553527832,,,0.00027527750732536573,37998.30396220489
8200,1716.7808859348297,28.613014765580495,1.7157094478607178,,,0.0002749677535267953,50667.393703098016
8250,1726.2132740020752,28.77022123336792,1.669753909111023,,,0.0002746562694570773,63351.68819521909
8300,1736.8916709423065,28.948194515705108,1.856438398361206,,,0.0002743430600172113,45335.51088997347
8350,1746.2356841564178,29.103928069273632,1.6840144395828247,,,0.00027402813013534407,27505.3280915912
8400,1757.8635952472687,29.297726587454477,1.6712543964385986,,,0.0002737114847666929,65870.82695356608
8400,1759.0946352481842,29.31824392080307,,1.673863959312439,5.332733504350719,,
8450,1767.7352273464203,29.462253789107006,1.6358880996704102,,,0.0002733931288934668,52141.18649114155
8500,1776.1826589107513,29.60304431517919,1.656740665435791,,,0.0002730730675247886,60950.700455892
8550,1786.5740854740143,29.776234757900237,1.7182743549346924,,,0.00027275130569661603,44640.66120650231
8600,1796.2533059120178,29.93755509853363,1.605708122253418,,,0.0002724278484716623,44129.871202984825
8650,1805.2643427848816,30.087739046414693,1.6039670705795288,,,0.0002721027009393167,38347.40870434771
8700,1816.5847976207733,30.276413293679557,1.6398597955703735,,,0.00027177586821556436,23361.210419070398
8750,1826.3887870311737,30.43981311718623,1.5537269115447998,,,0.0002714473554429059,36208.96649591276
8800,1834.730196237564,30.578836603959402,1.6152431964874268,,,0.0002711171677902763,41285.704257049925
8800,1835.9759404659271,30.599599007765452,,1.6444681107997894,5.178254916472606,,
8850,1854.49289727211,30.908214954535165,1.7181496620178223,,,0.00027078531045296363,46598.9535064759
8900,1863.8473253250122,31.064122088750203,1.5551272630691528,,,0.00027045178865252756,51681.83596457451
8950,1872.6696445941925,31.21116074323654,1.6763641834259033,,,0.0002701166076367169,55089.55065118718
9000,1881.7694709300995,31.362824515501657,1.763042688369751,,,0.0002697797726793871,55934.796018766625
9050,1890.6834168434143,31.51139028072357,1.6602095365524292,,,0.0002694412890804174,55935.70660554282
9100,1898.8163714408875,31.64693952401479,1.6214954853057861,,,0.0002691011621656273,42832.57939607598
9150,1907.689873456955,31.794831224282582,1.605088472366333,,,0.0002687593972866927,48737.63233162268
9200,1916.698436498642,31.944973941644033,1.682774305343628,,,0.00026841599982106197,51533.62965096049
9200,1917.4821116924286,31.95803519487381,,1.652338832616806,5.219172333993125,,
9250,1927.0282218456268,32.117137030760446,1.5904895067214966,,,0.0002680709751718711,44266.49038265812
9300,1936.204880952835,32.27008134921392,1.6700005531311035,,,0.0002677243287678588,51532.23844190281
9350,1944.654634475708,32.410910574595135,1.6248066425323486,,,0.00026737606606328087,48598.384710910956
9400,1954.379073381424,32.57298455635706,1.6161068677902222,,,0.00026702619253782484,29440.345033874648
9450,1963.6030838489532,32.72671806414922,1.691758394241333,,,0.00026667471369652316,22897.22650100926
9500,1973.2097454071045,32.88682909011841,1.587217092514038,,,0.000266321635069667,42313.85440524321
9550,1982.347226858139,33.03912044763565,1.6739211082458496,,,0.0002659669622127193,45255.318288503535
9600,1991.316835641861,33.18861392736435,1.6348176002502441,,,0.0002656107007062269,57005.80907553991
9600,1992.0939257144928,33.20156542857488,,1.6474500119686126,5.1937190055946685,,
9650,2000.9025218486786,33.348375364144644,1.667557716369629,,,0.000265252856155733,48805.96125890793
9700,2010.5492324829102,33.50915387471517,1.663232445716858,,,0.0002648934341916893,49663.638117566115
9750,2017.821504354477,33.63035840590795,1.610977292060852,,,0.00026453244046936665,-9092.834249019059
9800,2026.4508171081543,33.774180285135905,1.673170804977417,,,0.00026416988066876694,23837.52229963078
9850,2035.665283203125,33.927754720052086,1.6319999694824219,,,0.0002638057604945329,47089.16361005051
9900,2044.8170149326324,34.08028358221054,1.6941032409667969,,,0.00026344008567585886,50903.240688532314
9950,2053.0602214336395,34.21767035722733,1.6625463962554932,,,0.00026307286196640054,65455.47406621416
10000,2061.91974902153,34.36532915035884,1.6500904560089111,,,0.0002627040951441844,57632.48505586335
10000,2062.725086927414,34.37875144879023,,1.6347139298915863,5.127990822289271,,
10050,2080.9879236221313,34.683132060368855,1.5531120300292969,,,0.00026233379101151677,59188.57694487462
10100,2088.416553735733,34.806942562262215,1.5332565307617188,,,0.00026196195539489255,44801.77848246511
10150,2096.97110581398,34.949518430233,1.6716338396072388,,,0.0002615885941449035,50959.33362006828
10200,2107.09206700325,35.11820111672083,1.6512517929077148,,,0.00026121371313614643,50011.991278401234
10250,2115.860171318054,35.26433618863424,1.7156587839126587,,,0.0002608373182671303,58144.01137167438
10300,2126.0702180862427,35.434503634770714,1.6417808532714844,,,0.00026045941546018383,51750.802577318034
10350,2135.6366934776306,35.593944891293845,1.6694135665893555,,,0.0002600800106613622,59093.70339069043
10400,2145.323085308075,35.755384755134585,1.6232781410217285,,,0.00025969910984035335,72023.02903162246
10400,2146.062528848648,35.767708814144136,,1.6054883122444152,4.98029094611374,,
10450,2163.680727481842,36.0613454580307,1.643458604812622,,,0.00025931671899038415,39570.63731323001
10500,2174.22136592865,36.2370227654775,1.6242882013320923,,,0.00025893284412812614,36818.31839729797
10550,2183.7505543231964,36.395842572053276,1.6346416473388672,,,0.000258547491293601,40460.11171126615
10600,2194.352281332016,36.57253802220027,1.5950415134429932,,,0.0002581606665500851,52630.61386205344
10650,2204.1157324314117,36.735262207190196,1.586684226989746,,,0.0002577723759840144,-9369.56177276949
10700,2214.0936834812164,36.90156139135361,1.7082297801971436,,,0.00025738262570488863,66478.35832030585
10750,2223.3701589107513,37.05616931517919,1.6071739196777344,,,0.00025699142184517525,56958.087360711885
10800,2232.164960384369,37.20274933973948,1.6034109592437744,,,0.0002565987705602128,64196.69143128323
10800,2232.914433479309,37.21524055798849,,1.6101040720939637,5.003331907967439,,
10850,2240.3562812805176,37.33927135467529,1.5096015930175781,,,0.0002562046780281141,57467.94309359184
10900,2248.7853920459747,37.47975653409958,1.5747236013412476,,,0.00025580915044966907,51261.23342389156
10950,2257.8216252326965,37.63036042054494,1.6447352170944214,,,0.0002554121940482471,22876.12799810385
11000,2266.344784259796,37.7724130709966,1.7170426845550537,,,0.00025501381506969935,42721.168112060615
11050,2275.0589072704315,37.917648454507194,1.6084985733032227,,,0.00025461401978226004,44147.05136052586
11100,2284.1513311862946,38.06918885310491,1.6085402965545654,,,0.0002542128144764484,60281.72335460871
11150,2293.3568379879,38.222613966465,1.5803529024124146,,,0.0002538102054649692,25824.40948986632
11200,2302.530885219574,38.375514753659566,1.6671135425567627,,,0.0002534061990826134,53251.8406090222
11200,2303.2872276306152,38.38812046051025,,1.6085061192512513,4.995343204008068,,
11250,2312.1264402866364,38.535440671443936,1.5920615196228027,,,0.0002530008016861592,59016.15806007808
11300,2321.9398276805878,38.69899712800979,1.6594985723495483,,,0.00025259401965427113,62683.32342360092
11350,2330.4884119033813,38.841473531723025,1.6031241416931152,,,0.00025218585938740015,38100.1437836747
11400,2341.4215915203094,39.023693192005155,1.66444730758667,,,0.00025177632730768274,66244.32382076108
11450,2350.8285794258118,39.18047632376353,1.6017063856124878,,,0.00025136542985884023,56509.288691313195
11500,2359.4612865448,39.32435477574666,1.554950475692749,,,0.00025095317350607685,49155.91437420868
11550,2367.49977183342,39.458329530556995,1.581939697265625,,,0.0002505395647359785,52113.744677107694
11600,2378.74924993515,39.645820832252504,1.5085391998291016,,,0.0002501246100564105,39203.62005059086
11600,2379.39834856987,39.65663914283117,,1.5855557680130006,4.882003886279724,,
11650,2397.82822060585,39.96380367676417,1.626354455947876,,,0.000249708315996415,24318.3164236232
11700,2408.7814650535583,40.14635775089264,1.5005065202713013,,,0.00024929068910610854,55914.31565140837
11750,2418.572685480118,40.30954475800196,1.541431188583374,,,0.0002488717359565789,44628.25313088543
11800,2426.6905987262726,40.444843312104545,1.6063709259033203,,,0.00024845146313978164,37592.62930278052
11850,2435.3589823246,40.589316372076674,1.5016028881072998,,,0.00024802987726843653,58093.77645899167
11900,2444.894345521927,40.748239092032115,1.4662896394729614,,,0.00024760698497592324,37364.39629615533
11950,2454.2999386787415,40.90499897797903,1.5988069772720337,,,0.00024718279291617725,53758.57330293875
12000,2463.7870202064514,41.06311700344086,1.6684749126434326,,,0.0002467573077635849,40180.813127391455
12000,2464.630049467087,41.07716749111811,,1.5961344063282012,4.933922972083866,,
12050,2483.7733273506165,41.396222122510274,1.5423510074615479,,,0.0002463305362128788,45851.13263301734
12100,2492.5084030628204,41.541806717713676,1.5360603332519531,,,0.00024590248497903175,40266.32505812645
12150,2501.9479637145996,41.69913272857666,1.6476408243179321,,,0.00024547316079715203,40211.472724804444
12200,2511.6504521369934,41.86084086894989,1.6309024095535278,,,0.00024504257042237644,65118.427685018476
12250,2520.5363776683807,42.00893962780635,1.6100666522979736,,,0.0002446107206297649,37769.24351894193
12300,2529.7646610736847,42.16274435122808,1.6769025325775146,,,0.0002441776182141931,36204.65518702017
12350,2540.9982311725616,42.349970519542694,1.565366506576538,,,0.00024374326999024643,25854.217797107554
12400,2549.8832194805145,42.49805365800857,1.553419828414917,,,0.00024330768279211173,23837.45614943063
12400,2551.105326652527,42.51842211087545,,1.5913065075874329,4.910159900588358,,
12450,2560.6123666763306,42.67687277793884,1.6028881072998047,,,0.0002428708634734706,66076.80115077586
12500,2569.6779396533966,42.827965660889944,1.479333519935608,,,0.00024243281890739117,59520.675395046375
12550,2577.6167390346527,42.960278983910875,1.643742561340332,,,0.00024199355598622012,53359.845273906125
12600,2587.2144405841827,43.12024067640304,1.4936470985412598,,,0.000241553081621474,51277.06895893028
12650,2595.852788209915,43.26421313683192,1.583709478378296,,,0.00024111140274373082,66606.7118365448
12700,2604.085082769394,43.401418046156564,1.5796157121658325,,,0.00024066852630252064,53257.783535531555
12750,2611.0011596679688,43.516685994466144,1.600536823272705,,,0.0002402244592662166,45241.85135910927
12800,2618.6687774658203,43.64447962443034,1.7276923656463623,,,0.00023977920862192485,48309.490114475804
12800,2619.4102261066437,43.65683710177739,,1.5781358063220978,4.845913664083029,,
12850,2637.1364567279816,43.95227427879969,1.4965211153030396,,,0.00023933278137537505,71680.0042724612
12900,2644.2319207191467,44.070532011985776,1.5120596885681152,,,0.00023888518455080984,64948.93146852618
12950,2652.2789764404297,44.20464960734049,1.5876531600952148,,,0.0002384364251908744,63857.732156032616
13000,2661.286863088608,44.3547810514768,1.5478878021240234,,,0.00023798651035650565,23837.472686946247
13050,2670.0585350990295,44.50097558498383,1.6660630702972412,,,0.0002375354471268212,24792.794137426437
13100,2676.9113721847534,44.61518953641256,1.4782466888427734,,,0.00023708324259900785,37118.175586727666
13150,2686.200625896454,44.77001043160757,1.541943073272705,,,0.00023662990388821005,57382.52586575459
13200,2694.6390261650085,44.91065043608348,1.6156129837036133,,,0.0002361754381274178,66967.2126498052
13200,2695.425230741501,44.92375384569168,,1.5722456395626068,4.817454321915905,,
13250,2710.3918380737305,45.17319730122884,1.526269555091858,,,0.00023571985246735458,48411.52130841727
13300,2718.221159219742,45.303685986995696,1.5453922748565674,,,0.00023526315407636472,58288.118477101045
13350,2727.7294585704803,45.46215764284134,1.683152198791504,,,0.00023480535014030064,25723.681215580466
13400,2737.291929244995,45.621532154083255,1.4922990798950195,,,0.00023434644786240983,43444.83547229549
13450,2748.4512383937836,45.807520639896396,1.587186336517334,,,0.00023388645446322144,51501.342054853245
13500,2759.2842302322388,45.988070503870645,1.6183784008026123,,,0.00023342537718043266,37222.925822247256
13550,2769.294107437134,46.154901790618894,1.5467374324798584,,,0.00023296322326879498,22718.248835482525
13600,2779.512038707733,46.32520064512889,1.558445692062378,,,0.00023249999999999996,47759.07112069265
13600,2780.2161676883698,46.3369361281395,,1.5756020665168762,4.8336509215994505,,
13650,2789.933338165283,46.49888896942139,1.5704327821731567,,,0.00023203571466256468,51443.51107331505
13700,2799.298727273941,46.65497878789902,1.599379301071167,,,0.00023157037456171723,39255.082712779935
13750,2810.6324050426483,46.84387341737747,1.4680912494659424,,,0.00023110398701928176,46875.687578530335
13800,2820.45871925354,47.00764532089234,1.6049226522445679,,,0.00023063655937356322,37519.60170390082
13850,2829.4366583824158,47.157277639706926,1.4907480478286743,,,0.0002301680989792319,41592.25764154609
13900,2841.6774389743805,47.36129064957301,1.6155176162719727,,,0.00022969861320720764,38099.46783198406
13950,2851.5467522144318,47.52577920357386,1.6457011699676514,,,0.00022922810944454405,51470.55979603362
14000,2860.1799314022064,47.66966552337011,1.659008264541626,,,0.00022875659509431214,39238.49600760109
14000,2860.8248224258423,47.68041370709737,,1.5666455566883086,4.790551577576836,,
14050,2879.678981781006,47.994649696350095,1.5759235620498657,,,0.00022828407757548375,45869.985592763274
14100,2888.135103225708,48.1355850537618,1.5151724815368652,,,0.00022781056432281515,50441.27403062026
14150,2895.955199956894,48.265919999281564,1.5358400344848633,,,0.00022733606278672956,69312.37478995326
14200,2903.477516889572,48.391291948159534,1.5103650093078613,,,0.00022686058043320037,70059.4334603629
14250,2912.3065969944,48.53844328324,1.5423717498779297,,,0.00022638412474363347,53115.0257739688
14300,2920.007397174835,48.66678995291392,1.579115867614746,,,0.00022590670321474956,47653.62150587145
14350,2930.245985031128,48.83743308385213,1.5360583066940308,,,0.00022542832335846615,45996.41820647409
14400,2938.484045982361,48.97473409970601,1.5852088928222656,,,0.00022494899270177946,55274.41699685178
14400,2939.7565495967865,48.99594249327978,,1.5487469851970672,4.7055703377767415,,
14450,2954.176702976227,49.236278382937115,1.7006456851959229,,,0.00022446871878664595,58534.07875925888
14500,2963.6706125736237,49.394510209560394,1.6706297397613525,,,0.00022398750916986348,43411.57208700574
14550,2973.169098854065,49.552818314234415,1.5098490715026855,,,0.00022350537142295284,37578.773702095175
14600,2982.2101385593414,49.70350230932236,1.459436297416687,,,0.00022302231313203814,43353.182708055225
14650,2994.760102748871,49.912668379147846,1.4445329904556274,,,0.00022253834189772767,46607.99255568653
14700,3004.8466823101044,50.08077803850174,1.512518048286438,,,0.00022205346533499438,42603.51936515809
14750,3012.760312318802,50.21267187198003,1.515838623046875,,,0.00022156769107305592,68213.87549086173
14800,3021.2026619911194,50.35337769985199,1.54368257522583,,,0.00022108102675525465,54325.50071701985
14800,3022.466276884079,50.374437948067985,,1.5502501308918,4.712648814229148,,
14850,3030.9525094032288,50.515875156720476,1.6139172315597534,,,0.00022059348003893736,47295.93269500774
14900,3039.7046661376953,50.66174443562826,1.6491527557373047,,,0.0002201050585953349,61688.028495920946
14950,3046.796015024185,50.77993358373642,1.5785167217254639,,,0.0002196157701094412,49764.69977000307
15000,3054.6184697151184,50.91030782858531,1.5069167613983154,,,0.00021912562227989282,53105.502965182866
15050,3063.3257060050964,51.05542843341827,1.5497584342956543,,,0.00021863462281884724,67236.50830874238
15100,3072.678180217743,51.21130300362905,1.586807131767273,,,0.00021814277945186205,33995.846823600186
15150,3081.1837191581726,51.353061985969546,1.6162549257278442,,,0.00021765009991777295,62168.86750475859
15200,3089.3063867092133,51.488439778486885,1.535825490951538,,,0.0002171565919685723,64417.30275425437
15200,3088.315945148468,51.47193241914113,,1.543718421459198,4.68196747140522,,
15250,3108.01016831398,51.80016947189967,1.6423046588897705,,,0.00021666226336928708,66935.38108846797
15300,3117.2889437675476,51.95481572945913,1.5830618143081665,,,0.00021616712189785652,65589.66891472705
15350,3125.9366359710693,52.09894393285116,1.629509449005127,,,0.00021567117534500998,71256.04958927917
15400,3135.1729550361633,52.25288258393606,1.6548278331756592,,,0.00021517443151414416,50446.458029724876
15450,3145.2190132141113,52.42031688690186,1.467592477798462,,,0.00021467689822120056,38810.57377962068
15500,3153.6638309955597,52.56106384992599,1.5702857971191406,,,0.0002141785832945422,47796.47445178306
15550,3162.9653227329254,52.716088712215424,1.5730177164077759,,,0.00021367949457483067,48980.24291876573
15600,3172.8965089321136,52.88160848220189,1.6117889881134033,,,0.00021317963991490264,23622.65232154827
15600,3173.589113473892,52.89315189123154,,1.5429279327392578,4.678267891362741,,
15650,3190.126439809799,53.168773996829984,1.5110586881637573,,,0.0002126790271796465,40852.89797160726
15700,3201.004241466522,53.350070691108705,1.5411088466644287,,,0.00021217766424587827,23143.372376059764
15750,3212.008591890335,53.533476531505585,1.5733020305633545,,,0.00021167555900221792,23533.664401636957
15800,3222.0792319774628,53.701320532957716,1.6281840801239014,,,0.00021117271934896527,38346.68115429299
15850,3232.7802028656006,53.87967004776001,1.6266381740570068,,,0.00021066915319797546,38612.521484278426
15900,3242.4944038391113,54.04157339731852,1.4345974922180176,,,0.00021016486847253473,52947.72584703908
15950,3250.968285560608,54.18280475934346,1.3671257495880127,,,0.00020965987310723558,53961.87518630024
16000,3260.7602603435516,54.34600433905919,1.5352426767349243,,,0.00020915417504785192,57556.02520021642
16000,3261.5255134105682,54.3587585568428,,1.5633171200752258,4.774633036932036,,
16050,3276.68172621727,54.61136210362117,1.5836129188537598,,,0.00020864778225121406,65277.64749421977
16100,3284.9441063404083,54.749068439006805,1.6432667970657349,,,0.0002081407026850837,55785.678700618904
16150,3293.0571308135986,54.88428551355998,1.5829216241836548,,,0.00020763294432802834,59725.94407690035
16200,3302.5964114665985,55.04327352444331,1.4805998802185059,,,0.00020712451516929572,39960.57220811755
16250,3310.2317316532135,55.17052886088689,1.4379515647888184,,,0.00020661542320868836,55372.5806429779
16300,3319.385256290436,55.323087604840595,1.505664587020874,,,0.00020610567645643743,55019.949476057496
16350,3328.0485258102417,55.467475430170694,1.4820802211761475,,,0.00020559528293307683,49237.20212483933
16400,3336.489947795868,55.608165796597795,1.5840867757797241,,,0.00020508425066931708,60677.62798821051
16400,3337.158159971237,55.61930266618729,,1.5358476340770721,4.64526134346511,,
16450,3351.741883277893,55.86236472129822,1.49351167678833,,,0.00020457258770591874,52303.2613188864
16500,3359.9518299102783,55.9991971651713,1.562638521194458,,,0.0002040603020935661,65859.46366680531
16550,3367.930026292801,56.13216710488002,1.5190322399139404,,,0.00020354740189274035,63506.014020963055
16600,3375.1071693897247,56.25178615649541,1.4256991147994995,,,0.00020303389517359297,55238.694337669185
16650,3384.2851502895355,56.404752504825595,1.5206354856491089,,,0.00020251979001581846,51427.72653292761
16700,3392.514883995056,56.541914733250934,1.5756332874298096,,,0.00020200509450852747,64386.28008619882
16750,3400.44553732872,56.674092288812,1.5184667110443115,,,0.0002014898167501193,24803.31769855799
16800,3409.126404762268,56.818773412704466,1.4901151657104492,,,0.00020097396484815468,52820.91079562487
16800,3409.879777908325,56.83132963180542,,1.5377113580703736,4.6539269010816104,,
16850,3420.445391178131,57.007423186302184,1.4992733001708984,,,0.00020045754691922816,26510.650532801777
16900,3430.638035774231,57.17730059623718,1.6172823905944824,,,0.00019994057108884027,23434.75857308788
16950,3440.4707691669464,57.34117948611577,1.4849870204925537,,,0.00019942304549126977,22832.54524214245
17000,3448.5140011310577,57.4752333521843,1.528995156288147,,,0.00019890497826944564,39850.776919775926
17050,3458.5071103572845,57.64178517262141,1.5315905809402466,,,0.00019838637757481906,64476.89691874648
17100,3467.9820895195007,57.79970149199168,1.4602407217025757,,,0.00019786725156723493,45737.669794405214
17150,3477.380419254303,57.95634032090505,1.5001609325408936,,,0.00019734760841480368,56777.471215288395
17200,3488.0475718975067,58.13412619829178,1.5232417583465576,,,0.00019682745629377265,22610.505652669453
17200,3488.8523955345154,58.14753992557526,,1.5303143322467805,4.6196286923692,,
17250,3506.840435028076,58.44734058380127,1.4884302616119385,,,0.0001963068033883975,46027.2875414597
17300,3516.7643914222717,58.61273985703786,1.588356375694275,,,0.00019578565789081338,38003.17916047286
17350,3527.91002869606,58.79850047826767,1.6517064571380615,,,0.00019526402800090607,55991.947214640146
17400,3537.921413898468,58.9653568983078,1.6115373373031616,,,0.00019474192192618295,39158.98528677679
17450,3546.605744123459,59.11009573539098,1.5203882455825806,,,0.00019421934788164385,70454.77791607287
17500,3556.825738430023,59.28042897383372,1.4911317825317383,,,0.0001936963140896518,54811.93487603411
17550,3566.1899774074554,59.43649962345759,1.5435317754745483,,,0.0001931728287798037,53012.17988484112
17600,3574.1547763347626,59.56924627224604,1.575047254562378,,,0.00019264890018880071,47888.20384139908
17600,3574.795798778534,59.57992997964223,,1.5116455256938934,4.534185778147168,,
17650,3591.8373522758484,59.86395587126414,1.5568944215774536,,,0.00019212453656031878,60245.36385601319
17700,3599.7876641750336,59.996461069583894,1.5381088256835938,,,0.00019159974614487893,40266.60818979358
17750,3607.5208146572113,60.125346910953525,1.455627202987671,,,0.00019107453719971725,66555.8782459797
17800,3616.8376309871674,60.280627183119456,1.492825984954834,,,0.00019054891798865535,62555.50727149588
17850,3626.0501930713654,60.43416988452275,1.5255011320114136,,,0.00019002289678196992,56756.275478162046
17900,3634.1541481018066,60.56923580169678,1.5258033275604248,,,0.0001894964818562628,56856.57896191275
17950,3643.764338493347,60.729405641555786,1.6449847221374512,,,0.00018896968149433095,25601.702994140473
18000,3653.2654147148132,60.887756911913556,1.4537138938903809,,,0.0001884425039850356,70223.66769809315
18000,3654.4892358779907,60.90815393129984,,1.5073215961456299,4.514622603657852,,
18050,3669.8593742847443,61.16432290474574,1.4775283336639404,,,0.00018791495762317237,55836.717582037214
18100,3677.7593896389008,61.29598982731501,1.557762861251831,,,0.0001873870507093405,46222.018540067234
18150,3686.473539829254,61.4412256638209,1.5052659511566162,,,0.00018685879154981222,58590.67277132923
18200,3695.211843252182,61.58686405420303,1.5617880821228027,,,0.00018633018845640222,47417.85769014209
18250,3704.803688764572,61.7467281460762,1.5374585390090942,,,0.00018580124974633663,56668.0053699776
18300,3714.0940957069397,61.90156826178233,1.4575681686401367,,,0.0001852719837421224,48072.65569586958
18350,3723.978891134262,62.0663148522377,1.4989134073257446,,,0.00018474239877141623,22972.607409457753
18400,3732.3863105773926,62.20643850962321,1.4773664474487305,,,0.0001842125031668935,61938.00810463926
18400,3733.6455986499786,62.22742664416631,,1.5099154233932495,4.526347954973851,,
18450,3741.606952190399,62.36011586983999,1.487647294998169,,,0.00018368230526611716,65186.25153054159
18500,3750.346489429474,62.50577482382457,1.519862174987793,,,0.00018315181341140677,26632.09095904936
18550,3758.5499646663666,62.64249941110611,1.5088356733322144,,,0.00018262103594970697,38504.86398579926
18600,3768.294678211212,62.8049113035202,1.588276743888855,,,0.00018208998123245613,45169.58886684729
18650,3779.282866001129,62.98804776668548,1.5084707736968994,,,0.00018155865761545527,58139.092183988956
18700,3788.347713947296,63.13912856578827,1.5619947910308838,,,0.00018102707345873616,54155.878019102856
18750,3796.404936313629,63.27341560522715,1.5942673683166504,,,0.00018049523712643023,25885.36250556547
18800,3807.39936542511,63.4566560904185,1.6260966062545776,,,0.00017996315698663647,23316.15712603782
18800,3808.321346759796,63.4720224459966,,1.517068123817444,4.558839628990945,,
18850,3819.149155855179,63.652485930919646,1.5258591175079346,,,0.00017943084141129023,53756.975267848204
18900,3828.0873532295227,63.80145588715871,1.5217236280441284,,,0.00017889829877603116,26592.742794519192
18950,3839.2420868873596,63.98736811478933,1.4910472631454468,,,0.00017836553746007156,40573.438799886164
19000,3850.0184774398804,64.166974623998,1.4246634244918823,,,0.0001778325658460646,55228.03980435366
19050,3858.5622696876526,64.30937116146087,1.5255041122436523,,,0.0001772993923199724,69488.15470332821
19100,3867.6703226566315,64.46117204427719,1.496938943862915,,,0.00017676602527093386,23587.91567873783
19150,3877.844741821289,64.63074569702148,1.4670153856277466,,,0.0001762324730911329,23043.663492885316
19200,3887.401267051697,64.79002111752828,1.4509965181350708,,,0.0001756987441756664,59823.06856374792
19200,3888.0878167152405,64.80146361192068,,1.508439540863037,4.519672524388851,,
19250,3897.9619245529175,64.96603207588196,1.5502235889434814,,,0.00017516484692241212,58635.46648145272
19300,3907.438930273056,65.1239821712176,1.5045359134674072,,,0.00017463078973189633,46518.70424655642
19350,3917.017506837845,65.28362511396408,1.5457954406738281,,,0.00017409658100716197,56342.77257089634
19400,3927.4930744171143,65.4582179069519,1.548222303390503,,,0.00017356222915363616,52911.36104271285
19450,3938.2383272647858,65.6373054544131,1.5157294273376465,,,0.00017302774257899818,49524.55255753886
19500,3947.407615184784,65.7901269197464,1.4764020442962646,,,0.0001724931296930469,51008.128358567905
19550,3955.151129722595,65.91918549537658,1.529628872871399,,,0.00017195839890756878,55906.67349180186
19600,3962.969486474991,66.04949144124984,1.508593201637268,,,0.0001714235586362052,62327.651426871475
19600,3963.7780199050903,66.06296699841818,,1.4889665424823761,4.432512337952508,,
19650,3981.7712137699127,66.36285356283187,1.5234458446502686,,,0.00017088861729432035,56643.06252050359
19700,3989.3562440872192,66.48927073478698,1.4455735683441162,,,0.00017035358329886864,46996.4812115227
19750,3997.9689564704895,66.63281594117483,1.438201665878296,,,0.00016981846506826235,52516.38607479821
19800,4006.749876976013,66.77916461626688,1.5036792755126953,,,0.00016928327102223913,55024.443094267706
19850,4014.7886288166046,66.91314381361008,1.4738168716430664,,,0.0001687480095817295,49360.8445538168
19900,4024.065552711487,67.06775921185812,1.4709802865982056,,,0.00016821268916872447,58222.14113384925
19950,4031.6153848171234,67.19358974695206,1.535701036453247,,,0.00016767731820614294,54967.050502562
20000,4041.6403465270996,67.36067244211833,1.5036753416061401,,,0.00016714190511769904,23944.902866301964
20000,4042.4296820163727,67.37382803360622,,1.49757838845253,4.470849290498402,,
20050,4057.272479057312,67.62120798428853,1.4013835191726685,,,0.0001666064583277699,70534.32491609102
20100,4064.0251319408417,67.73375219901403,1.4376263618469238,,,0.00016607098626126278,69153.06646272127
20150,4074.507516860962,67.90845861434937,1.6099934577941895,,,0.00016553549734348272,46921.84144776013
20200,4082.3014583587646,68.03835763931275,1.494795799255371,,,0.00016499999999999997,54978.74816469428
20250,4090.149233818054,68.16915389696757,1.5501961708068848,,,0.00016446450265651717,49788.64063804136
20300,4101.011936187744,68.3501989364624,1.4005224704742432,,,0.0001639290137387372,25348.66735375161
20350,4110.010043382645,68.50016738971074,1.4554493427276611,,,0.00016339354167223006,49408.82717563707
20400,4119.686089038849,68.66143481731415,1.4413988590240479,,,0.0001628580948823009,59558.849250481886
20400,4120.479381084442,68.67465635140736,,1.5154088199138642,4.5512814010315115,,
20450,4130.584712505341,68.84307854175567,1.5366536378860474,,,0.00016232268179385706,38569.394983470935
20500,4139.391751766205,68.98986252943675,1.555253267288208,,,0.00016178731083127547,45226.665992736824
20550,4147.8715171813965,69.13119195302328,1.502077579498291,,,0.00016125199041827043,67436.56355100567
20600,4157.910815000534,69.29851358334223,1.4885815382003784,,,0.00016071672897776087,44584.18490899489
20650,4167.37769651413,69.45629494190216,1.5833773612976074,,,0.00016018153493173762,49680.58490514204
20700,4176.051820039749,69.60086366732915,1.4285082817077637,,,0.0001596464167011313,53600.40928810439
20750,4186.9258098602295,69.78209683100383,1.446436882019043,,,0.00015911138270567962,37715.9693308438
20800,4196.845100402832,69.94741834004721,1.4411664009094238,,,0.00015857644136379478,36281.95641908302
20800,4197.992707490921,69.96654512484868,,1.5118256270885468,4.5350024648704315,,
20850,4206.677055358887,70.11128425598145,1.5071651935577393,,,0.0001580416010924312,51381.58349197044
20900,4216.513410329819,70.27522350549698,1.4674125909805298,,,0.00015750687030695307,52210.67131035195
20950,4227.317462682724,70.45529104471207,1.4091286659240723,,,0.0001569722574210018,25622.780262851757
21000,4237.525208473206,70.62542014122009,1.4740314483642578,,,0.00015643777084636378,22923.103854593297
21050,4248.067505121231,70.80112508535385,1.4802381992340088,,,0.00015590341899283797,53464.46183937199
21100,4256.7699773311615,70.9461662888527,1.4355807304382324,,,0.0001553692102681036,49179.4137185273
21150,4264.671247005463,71.0778541167577,1.5001665353775024,,,0.00015483515307758783,26432.865601394584
21200,4273.393104553223,71.22321840922038,1.5244934558868408,,,0.0001543012558243335,45128.2386823925
21200,4274.12491440773,71.23541524012883,,1.4877387166023255,4.427073324354456,,
21250,4290.069550514221,71.50115917523702,1.4151748418807983,,,0.00015376752690886706,69679.66248504391
21300,4297.959251403809,71.63265419006348,1.5231212377548218,,,0.0001532339747290661,58921.027675602636
21350,4307.305224895477,71.78842041492462,1.4220590591430664,,,0.00015270060768002753,52605.47335028684
21400,4316.614064216614,71.94356773694356,1.5101282596588135,,,0.00015216743415393533,26232.111959139893
21450,4325.320043087006,72.08866738478342,1.529988408088684,,,0.00015163446253992842,54555.46069706405
21500,4334.107391834259,72.23512319723766,1.5216898918151855,,,0.0001511017012239688,51845.60028488137
21550,4343.9764993190765,72.39960832198462,1.4049781560897827,,,0.0001505691585887098,22506.6540341978
21600,4352.7495720386505,72.54582620064417,1.5115453004837036,,,0.0001500368430133635,51776.77105180278
21600,4353.426411628723,72.55710686047873,,1.4915916919708252,4.444163631952116,,
21650,4362.618709087372,72.71031181812286,1.4079585075378418,,,0.00014950476287356972,64555.39550438514
21700,4372.474979400635,72.87458299001058,1.4762401580810547,,,0.0001489729265412638,66160.64753205043
21750,4381.656406879425,73.02760678132375,1.4239321947097778,,,0.0001484413423845447,55538.699369446695
21800,4389.572963953018,73.15954939921697,1.466022253036499,,,0.0001479100187675438,67784.19047581471
21850,4398.516854524612,73.30861424207687,1.5095319747924805,,,0.00014737896405029303,40827.26746103794
21900,4408.641544342041,73.47735907236735,1.3881587982177734,,,0.0001468481865885932,58389.34975588784
21950,4416.780604362488,73.61301007270814,1.4632279872894287,,,0.00014631769473388278,62784.691031551556
22000,4426.074554681778,73.7679092446963,1.5717737674713135,,,0.00014578749683310648,26491.31459755023
22000,4426.770482301712,73.77950803836187,,1.467365801334381,4.337793468093674,,
22050,4445.233299970627,74.08722166617711,1.5010515451431274,,,0.00014525760122858372,55136.40324979901
22100,4454.2227301597595,74.23704550266265,1.578700065612793,,,0.00014472801625787753,38668.099326904354
22150,4464.014044046402,74.40023406744004,1.4082486629486084,,,0.00014419875025366334,54425.40584618211
22200,4472.681953430176,74.54469922383626,1.4895707368850708,,,0.00014366981154359773,39334.39916476728
22250,4480.268099784851,74.67113499641418,1.4665813446044922,,,0.00014314120845018772,58591.27223492619
22300,4488.741841316223,74.81236402193706,1.5532091856002808,,,0.0001426129492906595,55467.60119847092
22350,4498.071809768677,74.96786349614462,1.4786133766174316,,,0.0001420850423768276,41711.61994063697
22400,4507.7713050842285,75.12952175140381,1.4533045291900635,,,0.0001415574960149644,57811.19750178348
22400,4508.448393344879,75.14080655574799,,1.4788589298725128,4.387935880640888,,
22450,4516.370305299759,75.27283842166266,1.472724437713623,,,0.00014103031850566905,47727.36074853074
22500,4525.840683221817,75.43067805369695,1.5051414966583252,,,0.0001405035181437371,61923.27361068058
22550,4535.8615436553955,75.5976923942566,1.4825694561004639,,,0.00013997710321803005,47361.77777287677
22600,4547.059729814529,75.78432883024216,1.4568524360656738,,,0.00013945108201134465,55594.50388161322
22650,4557.500157833099,75.95833596388499,1.5576961040496826,,,0.00013892546280028272,49505.92875183884
22700,4567.5510013103485,76.12585002183914,1.4976449012756348,,,0.00013840025385512104,58370.205771831235
22750,4576.577951669693,76.27629919449488,1.5305752754211426,,,0.00013787546343968114,25492.29465637075
22800,4586.419971704483,76.44033286174138,1.6128886938095093,,,0.00013735109981119926,47445.75093276626
22800,4587.457822799683,76.45763037999471,,1.4850465655326843,4.415171002781474,,
22850,4596.26136636734,76.60435610612234,1.4866026639938354,,,0.00013682717122019623,47653.55541501626
22900,4605.230299949646,76.7538383324941,1.4998315572738647,,,0.0001363036859103481,43759.4971542101
22950,4615.398824214935,76.92331373691559,1.4031952619552612,,,0.0001357806521183561,23882.5564038546
23000,4625.589896678925,77.09316494464875,1.3990304470062256,,,0.00013525807807381697,44192.248507407014
23050,4633.817384719849,77.23028974533081,1.471274733543396,,,0.00013473597199909387,46605.77987689253
23100,4642.9534504413605,77.38255750735601,1.4405038356781006,,,0.00013421434210918661,37137.47278221884
23150,4651.909985303879,77.53183308839797,1.5651429891586304,,,0.00013369319661160248,24266.585848997973
23200,4663.941153049469,77.73235255082449,1.455581545829773,,,0.00013317254370622726,24249.68213901328
23200,4664.6095135211945,77.7434918920199,,1.474134200811386,4.367252971513652,,
23250,4673.697537660599,77.89495896100998,1.4886144399642944,,,0.0001326523915851963,53571.828063681736
23300,4681.931499481201,78.03219165802003,1.4820750951766968,,,0.000132132748432765,53474.77961406354
23350,4691.247650146484,78.18746083577474,1.5377352237701416,,,0.00013161362242518088,69942.06401498188
23400,4699.147702693939,78.31912837823232,1.428969144821167,,,0.0001310950217305543,60021.83296474477
23450,4708.4448845386505,78.47408140897751,1.3921443223953247,,,0.00013057695450873017,48394.06586206459
23500,4717.2893679142,78.62148946523666,1.4639874696731567,,,0.00013005942891115965,59535.11380026129
23550,4727.54196190834,78.79236603180567,1.4956930875778198,,,0.0001295424530807718,26545.30495116971
23600,4737.3032603263855,78.9550543387731,1.6460208892822266,,,0.00012902603515184527,68637.11220135837
23600,4737.964713096619,78.96607855161031,,1.4554592311382293,4.2864514856742115,,
23650,4755.490667104721,79.25817778507869,1.4695569276809692,,,0.00012851018324988063,23754.627464319394
23700,4762.69398355484,79.37823305924734,1.5515236854553223,,,0.00012799490549147253,57690.835160111754
23750,4772.23816204071,79.53730270067851,1.5143314599990845,,,0.00012748020998418148,37797.16361588285
23800,4783.409758806229,79.7234959801038,1.4687700271606445,,,0.00012696610482640697,47502.292691559014
23850,4792.814768314362,79.88024613857269,1.5087729692459106,,,0.0001264525981072596,26736.57839845431
23900,4802.729866027832,80.04549776713053,1.4208922386169434,,,0.00012593969790643386,22579.466308301435
23950,4812.652845621109,80.21088076035181,1.505998134613037,,,0.0001254274122940812,52207.418748926895
24000,4821.947710990906,80.36579518318176,1.4803235530853271,,,0.00012491574933068292,37944.80112289196
24000,4822.716127872467,80.37860213120778,,1.467105859518051,4.3366660407198205,,
24050,4839.831045866013,80.66385076443355,1.3888298273086548,,,0.00012440471706692314,56415.57772717048
24100,4848.165950298309,80.80276583830515,1.4422671794891357,,,0.00012389432354356254,55012.10942946116
24150,4857.437484502792,80.95729140837987,1.5089588165283203,,,0.00012338457679131164,67506.51959197146
24200,4868.510931015015,81.14184885025024,1.41837739944458,,,0.00012287548483070422,66068.5425353131
24250,4877.843729496002,81.29739549160004,1.4417755603790283,,,0.00012236705567197163,47664.66125094331
24300,4887.7428414821625,81.46238069136938,1.512306571006775,,,0.00012185929731491624,22927.01957018851
24350,4897.081461191177,81.61802435318629,1.458683967590332,,,0.00012135221774878588,71901.5518130378
24400,4907.055335521698,81.7842555920283,1.4399347305297852,,,0.00012084582495214807,50703.28226271761
24400,4907.749478816986,81.79582464694977,,1.4706825196743012,4.352204592854041,,
24450,4915.517101287842,81.92528502146403,1.4965410232543945,,,0.00012034012689276437,45893.02192089671
24500,4924.262228965759,82.07103714942932,1.4457200765609741,,,0.00011983513152746524,68104.35817298164
24550,4933.936452865601,82.23227421442668,1.5045088529586792,,,0.00011933084680202451,26308.496551386183
24600,4943.273260116577,82.38788766860962,1.3801027536392212,,,0.00011882728065103471,26152.76525583247
24650,4951.450659990311,82.52417766650518,1.4058704376220703,,,0.00011832444099778206,44401.834972784935
24700,4959.9299211502075,82.6654986858368,1.465998888015747,,,0.00011782233575412171,40608.49188178537
24750,4969.499778747559,82.8249963124593,1.4651557207107544,,,0.00011732097282035346,48477.15992787627
24800,4976.77848815918,82.94630813598633,1.4503334760665894,,,0.00011682036008509729,50427.356561990455
24800,4977.5946724414825,82.95991120735805,,1.474201512336731,4.36754694786662,,
24850,4988.439239263535,83.14065398772557,1.5193309783935547,,,0.00011632050542516928,25913.435470453856
24900,4998.433886528015,83.30723144213358,1.433582067489624,,,0.00011582141670545774,47573.1267495649
24950,5006.543669939041,83.44239449898402,1.5222967863082886,,,0.00011532310177879941,23459.47908635694
25000,5015.823041200638,83.59705068667729,1.4723808765411377,,,0.00011482556848585579,48516.518995152546
25050,5025.550977230072,83.75918295383454,1.407200574874878,,,0.00011432882465498999,66271.92210868215
25100,5036.555498600006,83.94259164333343,1.4922974109649658,,,0.00011383287810214345,37458.7779885486
25150,5045.065918922424,84.0844319820404,1.4255354404449463,,,0.00011333773663071286,52441.603125763126
25200,5054.264775753021,84.23774626255036,1.4222207069396973,,,0.0001128434080314276,45749.97152987951
25200,5055.127617359161,84.25212695598603,,1.4361556589603424,4.204501171666188,,
25250,5069.346779823303,84.48911299705506,1.461592674255371,,,0.000112349900082227,50033.69344664294
25300,5077.582747459412,84.62637912432352,1.5029045343399048,,,0.0001118572205481379,54502.067426994276
25350,5086.30015540123,84.77166925668716,1.436596155166626,,,0.00011136537718115267,42661.75941117384
25400,5094.811686992645,84.91352811654409,1.5017708539962769,,,0.00011087437772010715,56919.02456349601
25450,5103.145707130432,85.05242845217387,1.4128473997116089,,,0.00011038422989055874,54356.43979693697
25500,5112.740411520004,85.21234019200007,1.4137972593307495,,,0.0001098949414046651,48079.987977112854
25550,5122.129212617874,85.3688202102979,1.3896145820617676,,,0.00010940651996106261,55545.97186468407
25600,5131.391879320145,85.52319798866908,1.4640405178070068,,,0.00010891897324474532,48592.06168240688
25600,5132.186411857605,85.53644019762675,,1.4468319535255432,4.249630141098709,,
25650,5142.424580335617,85.70707633892695,1.3642878532409668,,,0.00010843230892694402,22448.747321614075
25700,5152.8488392829895,85.88081398804982,1.4777895212173462,,,0.00010794653466500557,23398.372839158113
25750,5162.18240404129,86.03637340068818,1.4892148971557617,,,0.0001074616581022723,26543.13126976169
25800,5173.944411993027,86.23240686655045,1.506508231163025,,,0.00010697768686796182,39310.72800681879
25850,5184.781100273132,86.41301833788553,1.4400283098220825,,,0.00010649462857704709,37582.80187390414
25900,5195.621220111847,86.59368700186411,1.3557586669921875,,,0.00010601249083013646,55791.838299862306
25950,5205.347606897354,86.75579344828924,1.5137012004852295,,,0.00010553128121335401,60528.62248419391
26000,5215.890451431274,86.93150752385458,1.491748332977295,,,0.00010505100729822047,37482.96930213074
26000,5216.619879245758,86.94366465409597,,1.4672688782215118,4.337373056021914,,
26050,5227.876659154892,87.13127765258153,1.3772807121276855,,,0.00010457167664153379,25819.364045284925
26100,5238.1151757240295,87.30191959540049,1.5549784898757935,,,0.00010409329678525042,52229.718826859294
26150,5246.164571285248,87.43607618808747,1.4562430381774902,,,0.00010361587525636646,68916.16346653349
26200,5253.90994143486,87.565165690581,1.4650111198425293,,,0.00010313941956679957,52152.50377638002
26250,5263.128147363663,87.71880245606104,1.3742936849594116,,,0.00010266393721327044,45830.03326304052
26300,5272.28173661232,87.871362276872,1.5222582817077637,,,0.00010218943567718479,38019.999787546694
26350,5281.739732503891,88.02899554173152,1.3765082359313965,,,0.00010171592242451616,27538.77046628719
26400,5289.621729850769,88.16036216417949,1.489370346069336,,,0.00010124340490568783,53574.75164264932
26400,5290.328723669052,88.1721453944842,,1.4540032625198365,4.280215087928195,,
26450,5299.238008260727,88.32063347101212,1.4790681600570679,,,0.00010077189055545586,48080.929900101175
26500,5307.779084444046,88.4629847407341,1.4371895790100098,,,0.00010030138679279236,66551.7530361079
26550,5316.184901714325,88.60308169523874,1.4331691265106201,,,9.983190102076807e-05,46529.980469718044
26600,5326.0354652404785,88.76725775400797,1.4657959938049316,,,9.936344062643674e-05,51089.736873956375
26650,5335.681592226028,88.92802653710048,1.4828808307647705,,,9.889601298071821e-05,56047.478199877005
26700,5345.533994913101,89.0922332485517,1.4028575420379639,,,9.84296254382827e-05,53372.44396394381
26750,5355.111994504929,89.25186657508215,1.3794300556182861,,,9.796428533743529e-05,25468.50499478544
26800,5363.805620908737,89.39676034847895,1.4754688739776611,,,9.750000000000001e-05,65253.225402613185
26800,5364.538030862808,89.4089671810468,,1.4519807517528533,4.271567055145498,,
26850,5373.1642282009125,89.55273713668187,1.4246081113815308,,,9.703677673120493e-05,28008.525194822134
26900,5381.635790586472,89.69392984310785,1.4369890689849854,,,9.657462281956731e-05,67592.57335305781
26950,5390.715952396393,89.84526587327322,1.4180387258529663,,,9.611354553677856e-05,56918.08168038829
27000,5400.586916923523,90.00978194872538,1.4291749000549316,,,9.565355213759017e-05,41538.857585674545
27050,5410.112908124924,90.16854846874872,1.38459312915802,,,9.519464985969931e-05,44538.4138552335
27100,5418.668359994888,90.31113933324814,1.396971583366394,,,9.473684592363525e-05,40414.092779042854
27150,5428.6212747097015,90.4770212451617,1.41079843044281,,,9.42801475326454e-05,68839.39496202384
27200,5438.763828277588,90.64606380462646,1.3950127363204956,,,9.382456187258215e-05,60425.475912280395
27200,5439.558207988739,90.65930346647899,,1.4405475199222564,4.223007364793632,,
27250,5448.770459890366,90.81284099817276,1.4413660764694214,,,9.337009611178992e-05,42484.678157565446
27300,5458.661122560501,90.97768537600835,1.4069803953170776,,,9.291675740099212e-05,58330.172968274666
27350,5468.9831802845,91.14971967140833,1.4230432510375977,,,9.246455287317874e-05,69497.85268608414
27400,5477.327984333038,91.28879973888397,1.4687210321426392,,,9.201348964349436e-05,43938.56529517452
27450,5487.880719661713,91.46467866102854,1.496241569519043,,,9.156357480912558e-05,40761.97762107681
27500,5498.05019235611,91.63416987260183,1.506046175956726,,,9.111481544919014e-05,43588.406572816406
27550,5506.196222066879,91.76993703444799,1.392498254776001,,,9.066721862462493e-05,55031.66966652412
27600,5517.550633430481,91.95917722384135,1.4912652969360352,,,9.022079137807509e-05,44938.48163799135
27600,5518.255108356476,91.97091847260793,,1.4377689242362977,4.211289621722211,,
27650,5529.162905931473,92.15271509885788,1.4363124370574951,,,8.977554073378338e-05,26282.818102543548
27700,5537.741129398346,92.29568548997243,1.312400460243225,,,8.933147369747927e-05,53677.27832255666
27750,5547.546005725861,92.45910009543101,1.4140572547912598,,,8.888859725626915e-05,42047.285650826205
27800,5557.702280759811,92.62837134599685,1.4382778406143188,,,8.844691837852595e-05,22792.741271229053
27850,5565.797333478928,92.76328889131545,1.4112257957458496,,,8.800644401377982e-05,57398.72600586354
27900,5574.9483325481415,92.91580554246903,1.4795016050338745,,,8.75671810926088e-05,62547.64992709393
27950,5583.13214635849,93.05220243930816,1.4713940620422363,,,8.712913652652937e-05,48743.30181355971
28000,5592.384988307953,93.20641647179922,1.4305083751678467,,,8.669231720788824e-05,69110.78198359109
28000,5593.18600487709,93.21976674795151,,1.4364477157592774,4.205729304152996,,
28050,5608.477102518082,93.47461837530136,1.4166297912597656,,,8.625673000975357e-05,68272.56452859582
28100,5616.415500402451,93.60692500670751,1.4330778121948242,,,8.582238178580679e-05,40156.58190555885
28150,5623.660406589508,93.72767344315847,1.4505620002746582,,,8.538927937023512e-05,47050.345852800856
28200,5630.703248262405,93.84505413770675,1.4622743129730225,,,8.495742957762355e-05,58993.66340047147
28250,5640.676817893982,94.01128029823303,1.4327235221862793,,,8.452683920284794e-05,25945.72225934895
28300,5649.337077379227,94.15561795632044,1.410630464553833,,,8.409751502096815e-05,38778.37961117494
28350,5657.420169353485,94.29033615589142,1.5850868225097656,,,8.366946378712116e-05,47505.83923658254
28400,5665.504851579666,94.42508085966111,1.3568801879882812,,,8.324269223641501e-05,27574.905335335392
28400,5666.208552837372,94.4368092139562,,1.4415222525596618,4.227125674699569,,
28450,5675.638512849808,94.59397521416346,1.3928484916687012,,,8.28172070838227e-05,43438.848694865046
28500,5685.217249631882,94.75362082719803,1.4428670406341553,,,8.23930150240767e-05,37516.201497165515
28550,5694.142496109009,94.90237493515015,1.4705793857574463,,,8.197012273156344e-05,53979.33871350358
28600,5703.323055028915,95.05538425048192,1.3852522373199463,,,8.154853686021828e-05,47824.48221252549
28650,5713.230082273483,95.22050137122473,1.420814037322998,,,8.112826404342105e-05,25543.5770855419
28700,5722.401878356934,95.37336463928223,1.4364385604858398,,,8.070931089389144e-05,41248.73001684296
28750,5731.81410574913,95.53023509581884,1.3629571199417114,,,8.029168400358495e-05,36747.243527206105
28800,5741.579368829727,95.69298948049546,1.44999098777771,,,7.987538994358949e-05,36566.139207798566
28800,5742.358120203018,95.7059686700503,,1.4344575822353363,4.197367664421733,,
28850,5759.404639482498,95.99007732470831,1.3856279850006104,,,7.94604352640214e-05,38424.12727921335
28900,5768.733067750931,96.14555112918218,1.3422539234161377,,,7.90468264939231e-05,59028.73011329961
28950,5778.457544326782,96.3076257387797,1.4206514358520508,,,7.863457014115974e-05,39459.52711140511
29000,5787.006650209427,96.45011083682378,1.3595731258392334,,,7.822367269231717e-05,67349.58615363506
29050,5798.031725406647,96.63386209011078,1.4451606273651123,,,7.781414061259982e-05,25747.815141868843
29100,5808.344039678574,96.80573399464289,1.484391689300537,,,7.740598034572881e-05,52713.78065929548
29150,5816.03155875206,96.93385931253434,1.4324390888214111,,,7.69991983138407e-05,60510.288003691225
29200,5826.090122699738,97.10150204499563,1.4736396074295044,,,7.659380091738652e-05,23137.403532588567
29200,5826.749361991882,97.11248936653138,,1.4505646288394929,4.265522272250719,,
29250,5837.17244386673,97.28620739777882,1.4732633829116821,,,7.618979453503084e-05,25826.87471239572
29300,5846.650826692581,97.44418044487635,1.3465576171875,,,7.578718552355157e-05,52396.89942189128
29350,5857.057086229324,97.61761810382207,1.3324167728424072,,,7.538598021773987e-05,23580.79287794239
29400,5866.392277240753,97.77320462067922,1.4815914630889893,,,7.498618493030064e-05,49703.86968113192
29450,5875.431809902191,97.92386349836985,1.4856972694396973,,,7.458780595175287e-05,52459.618104507805
29500,5885.619824886322,98.09366374810537,1.4088236093521118,,,7.41908495503309e-05,22972.22343398578
29550,5894.775685787201,98.24626142978668,1.3779716491699219,,,7.379532197188585e-05,44471.31457740928
29600,5903.952500581741,98.39920834302902,1.4154000282287598,,,7.340122943978717e-05,42474.38459636665
29600,5904.700721025467,98.41167868375778,,1.4469619274139405,4.250182517948905,,
29650,5911.571372509003,98.5261895418167,1.377756118774414,,,7.300857815482468e-05,45833.51790668887
29700,5920.894474744797,98.68157457907995,1.4326567649841309,,,7.261737429511132e-05,47130.4373150809
29750,5930.126380205154,98.8354396700859,1.4281017780303955,,,7.22276240159856e-05,42073.337922741695
29800,5938.101784467697,98.96836307446162,1.5042765140533447,,,7.18393334499149e-05,52077.72670201189
29850,5947.1828627586365,99.11971437931061,1.3583518266677856,,,7.145250870639892e-05,68287.08292690682
29900,5955.331557035446,99.25552595059077,1.4998741149902344,,,7.106715587187375e-05,70569.38252963177
29950,5964.44749379158,99.40745822985967,1.4836912155151367,,,7.068328100961582e-05,56915.064664354264
30000,5971.663611650467,99.52772686084111,1.484948754310608,,,7.03008901596466e-05,22831.741124890443
30000,5972.37971162796,99.539661860466,,1.4171813368797301,4.125475710437224,,
30050,5991.00600028038,99.85010000467301,1.440488576889038,,,6.991998933863778e-05,55716.20576884409
30100,5999.4623210430145,99.99103868405024,1.4596278667449951,,,6.954058453981609e-05,57293.54053432136
30150,6008.172997713089,100.13621662855148,1.3691415786743164,,,6.916268173286962e-05,63614.41956584124
30200,6016.516102552414,100.27526837587357,1.4739378690719604,,,6.878628686385354e-05,45309.983263134854
30250,6025.934679508209,100.43224465847015,1.4225178956985474,,,6.84114058550964e-05,52717.339269960554
30300,6033.770698070526,100.5628449678421,1.499913215637207,,,6.80380446051074e-05,58581.782168224425
30350,6042.348304271698,100.70580507119497,1.4352080821990967,,,6.76662089884832e-05,68788.40271552095
30400,6051.877287864685,100.86462146441141,1.4848296642303467,,,6.72959048558155e-05,60950.15985879891
30400,6052.984456539154,100.88307427565256,,1.4382905960083008,4.213487105774458,,
30450,6061.41771364212,101.02362856070201,1.3693987131118774,,,6.692713803359938e-05,37435.22966078151
30500,6071.513428449631,101.19189047416052,1.4102352857589722,,,6.655991432414108e-05,45500.728160212515
30550,6082.4502210617065,101.37417035102844,1.4297053813934326,,,6.619423950546708e-05,38093.765444389996
30600,6091.165594577789,101.51942657629648,1.489401936531067,,,6.5830119331233e-05,53140.24486765875
30650,6101.587852716446,101.69313087860743,1.4608453512191772,,,6.546755953063325e-05,39816.32709894826
30700,6112.122427225113,101.86870712041855,1.3574647903442383,,,6.51065658083107e-05,25972.866136673045
30750,6122.546113491058,102.04243522485098,1.4721094369888306,,,6.474714384426694e-05,26387.860238506295
30800,6131.739094257355,102.19565157095592,1.3664754629135132,,,6.438929929377311e-05,53021.17833830732
30800,6132.51456451416,102.208576075236,,1.4272160053253173,4.167081894376526,,
30850,6141.748379707336,102.36247299512227,1.4518754482269287,,,6.403303778728067e-05,48502.89010539154
30900,6151.840188503265,102.53066980838776,1.4708678722381592,,,6.36783649303329e-05,26899.42495230326
30950,6161.540572881699,102.69234288136164,1.5043723583221436,,,6.332528630347681e-05,48968.16669825774
31000,6173.046744585037,102.88411240975061,1.3691788911819458,,,6.297380746217513e-05,41749.78416315104
31050,6184.7252378463745,103.07875396410624,1.3396410942077637,,,6.262393393671907e-05,40492.15354609553
31100,6196.28187084198,103.271364514033,1.334561824798584,,,6.227567123214114e-05,50704.18012811905
31150,6206.05591750145,103.43426529169082,1.36850106716156,,,6.192902482812882e-05,25885.265000534884
31200,6216.0198702812195,103.60033117135366,1.3606600761413574,,,6.158400017893797e-05,46313.79095014086
31200,6215.582405328751,103.59304008881251,,1.4403960883617402,4.222367916615849,,
31250,6224.212683916092,103.7368780652682,1.388569951057434,,,6.124060271330723e-05,42304.42472192878
31300,6232.943875551224,103.88239792585372,1.4112365245819092,,,6.0898837834372666e-05,54131.22095190382
31350,6242.39182806015,104.0398638010025,1.4275131225585938,,,6.055871091958253e-05,47662.41322350735
31400,6249.57949924469,104.15965832074484,1.375260829925537,,,6.02202273206128e-05,50373.83116428064
31450,6257.815320253372,104.29692200422286,1.4322761297225952,,,5.988339236328308e-05,38594.5223307405
31500,6267.059774160385,104.45099623600642,1.3493661880493164,,,5.954821134747238e-05,53215.13943216102
31550,6275.990104675293,104.59983507792155,1.3881498575210571,,,5.921468954703634e-05,47416.22178154424
31600,6284.0302493572235,104.73383748928705,1.4192121028900146,,,5.888283220972371e-05,22446.44487546244
31600,6284.771500110626,104.74619166851043,,1.416651201248169,4.123289228383212,,
31650,6301.228108406067,105.02046847343445,1.3839685916900635,,,5.855264455709405e-05,70146.39469692485
31700,6307.825989723206,105.13043316205342,1.286834478378296,,,5.822413178443556e-05,-7353.011069832737
31750,6316.757652759552,105.2792942126592,1.4270601272583008,,,5.789729906068326e-05,38330.38271326737
31800,6325.335582017899,105.42225970029831,1.3468594551086426,,,5.7572151528337645e-05,56078.030608131376
31850,6334.6796875,105.57799479166667,1.457938313484192,,,5.724869430338394e-05,69978.5304559637
31900,6343.129303216934,105.71882172028224,1.484891414642334,,,5.692693247521135e-05,54455.682100648686
31950,6352.035646677017,105.86726077795029,1.4086148738861084,,,5.66068711065332e-05,51906.142779235575
32000,6361.442674636841,106.02404457728068,1.4603407382965088,,,5.6288515233307076e-05,44946.06479294043
32000,6362.675329446793,106.0445888241132,,1.4039058983325958,4.0710701390968556,,
32050,6382.027228832245,106.36712048053741,1.4059240818023682,,,5.5971869864655915e-05,27812.619844083016
32100,6392.398701906204,106.53997836510341,1.4301365613937378,,,5.565693998278876e-05,27244.011281453553
32150,6401.423229455948,106.69038715759913,1.436798095703125,,,5.534373054292264e-05,38838.386960330514
32200,6413.581098079681,106.89301830132803,1.4412670135498047,,,5.503224647320467e-05,70951.32150526976
32250,6423.44952583313,107.05749209721883,1.3762288093566895,,,5.472249267463425e-05,65227.58329204373
32300,6433.475141763687,107.22458569606145,1.4184573888778687,,,5.441447402098609e-05,52123.70579918568
32350,6444.844491958618,107.41407486597697,1.3784987926483154,,,5.410819535873367e-05,36327.98880125182
32400,6455.422121047974,107.5903686841329,1.406691312789917,,,5.3803661506972585e-05,46799.77331085038
32400,6456.144245386124,107.60240408976873,,1.4130699634552002,4.1085491587681435,,
32450,6465.199156761169,107.75331927935282,1.3351161479949951,,,5.35008772573452e-05,45510.3105850689
32500,6476.714288234711,107.94523813724518,1.4444563388824463,,,5.319984737396495e-05,58668.90638345101
32550,6486.550224304199,108.10917040506999,1.4001874923706055,,,5.29005765933414e-05,26437.70615604675
32600,6495.417655706406,108.2569609284401,1.4137251377105713,,,5.260306962430587e-05,37020.43397846635
32650,6505.216913461685,108.42028189102808,1.3902003765106201,,,5.2307331147937155e-05,53931.46816512322
32700,6515.581438541412,108.5930239756902,1.4363892078399658,,,5.201336581748808e-05,22343.292323499
32750,6524.992010831833,108.74986684719721,1.4050058126449585,,,5.172117825831209e-05,59156.06985841
32800,6535.134320497513,108.91890534162522,1.3747994899749756,,,5.1430773067790515e-05,53010.707701422165
32800,6535.7836830616,108.92972805102666,,1.4163646876811982,4.122108019303029,,
32850,6546.45024895668,109.107504149278,1.371395468711853,,,5.114215481526045e-05,42927.94069002567
32900,6556.0619649887085,109.26769941647848,1.3861112594604492,,,5.085532804194242e-05,25501.451996639364
32950,6565.078876495361,109.4179812749227,1.4791159629821777,,,5.0570297260869415e-05,64453.91653942111
33000,6574.965793371201,109.58276322285334,1.440872311592102,,,5.028706695681557e-05,64386.40073906257
33050,6584.634690999985,109.74391151666642,1.4438930749893188,,,5.000564158622564e-05,25224.469660296632
33100,6592.62720656395,109.87712010939916,1.461462378501892,,,4.972602557714501e-05,51718.70944280042
33150,6602.118909597397,110.03531515995661,1.308828353881836,,,4.944822332914988e-05,46853.890522514856
33200,6613.364515542984,110.2227419257164,1.4589663743972778,,,4.917223921327809e-05,22708.099152405153
33200,6614.623272895813,110.24372121493022,,1.4063558876514435,4.081056445630905,,
33250,6623.9342386722565,110.39890397787094,1.4197628498077393,,,4.8898077571960416e-05,51758.676148799794
33300,6634.277127027512,110.57128545045853,1.51719331741333,,,4.862574271895214e-05,58906.58258299445
33350,6644.138984441757,110.73564974069595,1.4239784479141235,,,4.8355238939265204e-05,44218.69421047281
33400,6651.776381254196,110.86293968756993,1.413219928741455,,,4.808657048910077e-05,26883.534858101426
33450,6660.835206270218,111.01392010450363,1.4137322902679443,,,4.781974159578241e-05,52097.38823918281
33500,6674.004839897156,111.23341399828593,1.4221312999725342,,,4.7554756457689334e-05,22950.74127451059
33550,6682.468378782272,111.37447297970454,1.3410778045654297,,,4.7291619244190496e-05,54561.6981711529
33600,6693.126018047333,111.55210030078888,1.4580836296081543,,,4.703033409557903e-05,47524.82882494104
33600,6694.3842005729675,111.57307000954945,,1.3972424507141112,4.044032956938296,,
33650,6711.659282684326,111.86098804473878,1.3888260126113892,,,4.6770905123006914e-05,38773.08473834175
33700,6721.546489238739,112.02577482064565,1.5507597923278809,,,4.651333640842048e-05,48076.287922629606
33750,6731.628206729889,112.19380344549815,1.5211881399154663,,,4.625763200449613e-05,46717.561052811914
33800,6741.563054084778,112.3593842347463,1.3805127143859863,,,4.6003795934576426e-05,26110.592704328723
33850,6750.755048751831,112.51258414586385,1.4341295957565308,,,4.5751832192607065e-05,45435.80671386596
33900,6760.645558834076,112.67742598056793,1.3738024234771729,,,4.550174474307378e-05,48987.64516478566
33950,6771.5838487148285,112.8597308119138,1.4054293632507324,,,4.5253537520940066e-05,57151.54651000326
34000,6779.252052783966,112.9875342130661,1.4005308151245117,,,4.500721443158534e-05,56376.700244639986
34000,6780.033974647522,113.00056624412537,,1.4085907161235809,4.090187105701323,,
34050,6790.078660726547,113.16797767877578,1.478169322013855,,,4.476277935074332e-05,43716.73777009859
34100,6800.366297245026,113.3394382874171,1.370495080947876,,,4.4520236124441154e-05,25514.29090968496
34150,6811.056849479675,113.51761415799459,1.3959596157073975,,,4.427958856893897e-05,23042.179962405284
34200,6822.186451673508,113.70310752789179,1.4324069023132324,,,4.404084047066967e-05,45477.78291208268
34250,6835.252799749374,113.9208799958229,1.4166045188903809,,,4.380399558617942e-05,66879.8787900022
34300,6846.4829614162445,114.10804935693741,1.4537324905395508,,,4.356905764206857e-05,48028.30611988158
34350,6859.641728639603,114.32736214399338,1.3879163265228271,,,4.3336030334933065e-05,23661.173253305256
34400,6867.243589401245,114.45405982335409,1.397592544555664,,,4.310491733130615e-05,39942.176828013675
34400,6867.953493356705,114.46589155594508,,1.392072331905365,4.02317878181883,,
34450,6887.135881662369,114.78559802770614,1.353198766708374,,,4.287572226760073e-05,38636.662342685966
34500,6897.544464349747,114.95907440582911,1.3784514665603638,,,4.264844875005226e-05,51826.36281746905
34550,6907.005039930344,115.11675066550573,1.381009578704834,,,4.242310035466183e-05,37997.16939722716
34600,6916.184829950333,115.26974716583888,1.409822702407837,,,4.219968062714e-05,43330.5484811493
34650,6925.231636285782,115.42052727142969,1.3986690044403076,,,4.197819308285107e-05,47313.12600589353
34700,6932.029970407486,115.53383284012476,1.4392163753509521,,,4.1758641206757594e-05,65606.07484801271
34750,6940.28749871254,115.67145831187567,1.3854527473449707,,,4.154102845336568e-05,64261.40595900031
34800,6949.5425090789795,115.82570848464965,1.392865538597107,,,4.13253582466706e-05,68502.59751227613
34800,6950.329034566879,115.83881724278132,,1.3994751632213593,4.053072207169441,,
34850,6958.452830553055,115.97421384255091,1.426207184791565,,,4.111163398010294e-05,-7381.021129515351
34900,6968.736164808273,116.14560274680456,1.3663276433944702,,,4.089985901647514e-05,26490.31382163464
34950,6978.785654783249,116.31309424638748,1.4395296573638916,,,4.0690036687928654e-05,63773.10701008388
35000,6988.826919555664,116.48044865926107,1.471313238143921,,,4.0482170295881525e-05,27631.296596403077
35050,6997.02262878418,116.61704381306966,1.4139041900634766,,,4.027626311097629e-05,46406.1165348035
35100,7006.253774642944,116.77089624404907,1.4255510568618774,,,4.0072318373028745e-05,48676.5272348377
35150,7015.935830593109,116.93226384321848,1.3318281173706055,,,3.9870339290976875e-05,43600.9070072876
35200,7024.259163856506,117.0709860642751,1.366020679473877,,,3.96703290428302e-05,26492.98953457261
35200,7025.5050983428955,117.09175163904825,,1.410213577747345,4.096830302425688,,
35250,7034.225292444229,117.23708820740381,1.372847318649292,,,3.9472290775620085e-05,26865.75182299119
35300,7043.2508273124695,117.38751378854116,1.3651773929595947,,,3.9276227605349954e-05,42724.24914047258
35350,7051.545746564865,117.52576244274775,1.3974323272705078,,,3.9082142616946386e-05,56610.212599657636
35400,7062.393181324005,117.70655302206676,1.4837027788162231,,,3.88900388642106e-05,43958.80221330928
35450,7074.714368581772,117.91190614302953,1.3489198684692383,,,3.8699919369770286e-05,23347.98711637932
35500,7084.6477019786835,118.07746169964473,1.3543366193771362,,,3.8511787125032184e-05,52371.662337385205
35550,7094.040839910507,118.23401399850846,1.3897454738616943,,,3.832564509013487e-05,43590.452613417234
35600,7104.541015625,118.40901692708333,1.389178991317749,,,3.814149619390237e-05,47017.31740351866
35600,7105.295595407486,118.42159325679144,,1.4075236439704895,4.085824908743261,,
35650,7113.934073925018,118.5655678987503,1.4268038272857666,,,3.795934333379788e-05,64793.875023807595
35700,7121.710322380066,118.69517203966777,1.4875761270523071,,,3.7779189375878306e-05,47555.08580049133
35750,7131.1663427352905,118.85277237892151,1.423795461654663,,,3.760103715474912e-05,37900.727540669686
35800,7140.258875608444,119.00431459347406,1.3894760608673096,,,3.7424889473519754e-05,55266.859846937296
35850,7147.566604852676,119.12611008087794,1.4191128015518188,,,3.72507491037595e-05,64837.279772350725
35900,7157.638465881348,119.29397443135579,1.3511667251586914,,,3.707861878545398e-05,37311.32538525105
35950,7166.659178972244,119.4443196495374,1.3772926330566406,,,3.690850122696186e-05,41523.797653331654
36000,7175.267774581909,119.58779624303182,1.3537189960479736,,,3.6740399104972375e-05,62010.330985368986
36000,7176.098901748657,119.60164836247762,,1.4126256644725799,4.106724140013867,,
36050,7192.978377580643,119.88297295967737,1.4073073863983154,,,3.657431506446321e-05,47622.97502823998
36100,7202.79793548584,120.04663225809733,1.377179741859436,,,3.641025171865883e-05,23981.067911048824
36150,7210.3416068553925,120.17236011425653,1.3750871419906616,,,3.624821164898937e-05,54115.874952947495
36200,7219.193548679352,120.3198924779892,1.388092041015625,,,3.608819740505003e-05,47182.21229136199
36250,7228.329885721207,120.47216476202011,1.36068594455719,,,3.593021150456096e-05,66371.38971081094
36300,7236.392881155014,120.60654801925024,1.3271313905715942,,,3.577425643332767e-05,57149.45522648721
36350,7244.7231731414795,120.74538621902465,1.3401341438293457,,,3.562033464520185e-05,45847.2170794193
36400,7253.593371391296,120.8932228565216,1.4151782989501953,,,3.546844856204286e-05,42788.09441845232
36400,7254.448360681534,120.90747267802557,,1.4118327379226685,4.103469100084424,,
36450,7263.29937338829,121.05498955647151,1.428693175315857,,,3.5318600573679475e-05,52282.01212416311
36500,7271.275864124298,121.18793106873831,1.4044792652130127,,,3.517079303787244e-05,37454.16393842907
36550,7280.323758125305,121.33872930208842,1.354203462600708,,,3.502502828027733e-05,51520.41619696663
36600,7291.035890340805,121.51726483901342,1.3190088272094727,,,3.488130859440782e-05,22678.886936043204
36650,7299.706303596497,121.66177172660828,1.4212267398834229,,,3.4739636241599845e-05,67032.01284464881
36700,7310.289737224579,121.83816228707632,1.3123533725738525,,,3.460001345097579e-05,23075.07877083304
36750,7319.657146692276,121.9942857782046,1.3152961730957031,,,3.446244241940954e-05,47930.89078481154
36800,7329.37442278862,122.15624037981033,1.4843316078186035,,,3.43269253114919e-05,48837.802634646105
36800,7330.420032501221,122.17366720835368,,1.3902132749557494,4.015706411278236,,
36850,7346.196270465851,122.43660450776419,1.3567850589752197,,,3.419346425949652e-05,48392.2255917389
36900,7354.923686981201,122.58206144968669,1.456742763519287,,,3.4062061363346296e-05,58999.943966797684
36950,7362.340021371841,122.70566702286402,1.3541356325149536,,,3.3932718690580436e-05,55560.88194354609
37000,7370.5078155994415,122.84179692665735,1.308232307434082,,,3.380543827632187e-05,64486.81982966041
37050,7378.990931510925,122.98318219184875,1.531240701675415,,,3.3680222123245195e-05,46142.689387234925
37100,7387.1392521858215,123.11898753643035,1.454528570175171,,,3.35570722015452e-05,46542.71216039207
37150,7394.939176082611,123.24898626804352,1.468050479888916,,,3.3435990448905936e-05,44731.3214951519
37200,7404.28709602356,123.40478493372599,1.4072630405426025,,,3.3316978770470045e-05,70518.69060817703
37200,7405.1006116867065,123.41834352811178,,1.4057936012744903,4.078762368212631,,
37250,7415.7824721336365,123.59637453556061,1.3860032558441162,,,3.320003903880899e-05,25712.74718998542
37300,7424.332774877548,123.73887958129247,1.3777656555175781,,,3.308517309389348e-05,66395.62969661836
37350,7433.168259382248,123.88613765637079,1.3832857608795166,,,3.297238274306446e-05,50288.897526077686
37400,7442.7870235443115,124.04645039240519,1.3415971994400024,,,3.286166976100488e-05,63142.016164185196
37450,7451.850776195526,124.1975129365921,1.4111745357513428,,,3.275303588971153e-05,49678.21453171131
37500,7459.935907840729,124.3322651306788,1.4236798286437988,,,3.26464828384678e-05,25727.899459754924
37550,7467.7695190906525,124.46282531817754,1.3201043605804443,,,3.254201228381672e-05,46543.91005415715
37600,7478.431185722351,124.64051976203919,1.4296157360076904,,,3.243962586953459e-05,43728.8110508994
37600,7479.196624279022,124.65327707131704,,1.4018060982227325,4.062530674293741,,
37650,7488.846938371658,124.81411563952764,1.484095573425293,,,3.2339325206605104e-05,38668.6650520838
37700,7499.515488147736,124.99192480246226,1.3830690383911133,,,3.2241111873194016e-05,53866.95633388361
37750,7509.917588710785,125.16529314517975,1.4230408668518066,,,3.2144987414624324e-05,56761.3385073108
37800,7518.460847854614,125.30768079757691,1.4486987590789795,,,3.2050953343351913e-05,55374.900873982464
37850,7528.940426826477,125.48234044710794,1.4270304441452026,,,3.1959011138941796e-05,45774.167996205884
37900,7540.529163122177,125.67548605203629,1.371642827987671,,,3.186916224804482e-05,57914.29153561689
37950,7549.400152206421,125.82333587010702,1.3642162084579468,,,3.17814080843749e-05,45331.74271005671
38000,7559.70051240921,125.9950085401535,1.345212697982788,,,3.169575002868677e-05,51350.56046365306
38000,7560.44313788414,126.00738563140233,,1.4147726774215699,4.115550802008544,,
38050,7568.969837427139,126.14949729045232,1.3489933013916016,,,3.161218942875429e-05,47265.224261165735
38100,7576.463899612427,126.27439832687378,1.4205055236816406,,,3.153072759934921e-05,60193.648379524195
38150,7583.905987977982,126.39843313296636,1.3667755126953125,,,3.1451365822220465e-05,26351.08903683582
38200,7592.14218378067,126.53570306301117,1.4227516651153564,,,3.137410534607408e-05,44822.175363530696
38250,7600.565537691116,126.67609229485194,1.3848421573638916,,,3.129894738655342e-05,57150.7860255617
38300,7608.7242436409,126.81207072734833,1.4631098508834839,,,3.122589312622016e-05,-7484.842505167107
38350,7618.467038869858,126.97445064783096,1.4636516571044922,,,3.1154943714535595e-05,65095.97441610209
38400,7626.57937836647,127.10965630610784,1.2954936027526855,,,3.1086100267842626e-05,49596.53913984858
38400,7627.425812244415,127.12376353740692,,1.398425567150116,4.048820350260822,,
38450,7636.668348789215,127.27780581315359,1.4485845565795898,,,3.101936386934817e-05,55814.85824932343
38500,7644.711776971817,127.41186294953029,1.453610897064209,,,3.0954735569106075e-05,38664.792341702145
38550,7653.947113990784,127.56578523317972,1.3973922729492188,,,3.0892216384000665e-05,50714.50786626973
38600,7662.646520137787,127.71077533562978,1.4346437454223633,,,3.083180729773069e-05,57081.09758682673
38650,7670.559445619583,127.84265742699306,1.4107029438018799,,,3.077350926079385e-05,-6987.319498226923
38700,7679.60778260231,127.99346304337183,1.4408392906188965,,,3.071732319047192e-05,38468.52282210636
38750,7689.831240653992,128.16385401089985,1.3775808811187744,,,3.066324997081616e-05,58990.92873305886
38800,7699.902849912643,128.3317141652107,1.4236602783203125,,,3.061129045263358e-05,22969.643451729957
38800,7700.688189029694,128.3448031504949,,1.409719568490982,4.094806930158005,,
38850,7708.009546756744,128.46682577927908,1.5344293117523193,,,3.056144545347341e-05,60310.82139540925
38900,7716.755253076553,128.61258755127588,1.3050260543823242,,,3.051371575761435e-05,43406.03314093551
38950,7726.228154420853,128.77046924034755,1.3797681331634521,,,3.046810211605213e-05,53570.07406945454
39000,7735.634918451309,128.92724864085514,1.337870478630066,,,3.042460524648779e-05,42078.79960370188
39050,7744.323959112167,129.07206598520278,1.4579694271087646,,,3.038322583331626e-05,40628.13078195558
39100,7752.4029150009155,129.20671525001526,1.4418549537658691,,,3.0343964527615774e-05,56509.00988092888
39150,7761.326638460159,129.355443974336,1.310558557510376,,,3.0306821947137425e-05,47197.896639116036
39200,7768.78151011467,129.4796918352445,1.473739743232727,,,3.0271798676295613e-05,70257.69879338231
39200,7769.473966598511,129.49123277664185,,1.3971269369125365,4.04356584229736,,
39250,7778.120405673981,129.63534009456635,1.2933852672576904,,,3.023889526615871e-05,37963.03809149206
39300,7788.967471122742,129.81612451871237,1.3722105026245117,,,3.020811223444053e-05,48171.59420029778
39350,7796.91748213768,129.94862470229467,1.3637356758117676,,,3.0179450065492067e-05,43756.76651843249
39400,7806.361675024033,130.10602791706722,1.4348456859588623,,,3.0152909210293922e-05,36860.739546210374
39450,7817.150576591492,130.28584294319154,1.3685274124145508,,,3.0128490086449196e-05,25422.43166966569
39500,7826.464035272598,130.4410672545433,1.2348910570144653,,,3.0106193078176947e-05,45683.79073048087
39550,7836.790248155594,130.61317080259323,1.3635094165802002,,,3.0086018536306113e-05,26142.278966717797
39600,7846.231863737106,130.7705310622851,1.4491422176361084,,,3.006796677827001e-05,51504.430026292044
39600,7847.051789522171,130.7841964920362,,1.3947463154792785,4.033951091867724,,
39650,7857.05694103241,130.95094901720682,1.3248963356018066,,,3.0052038088101286e-05,23117.4933126288
39700,7865.40009188652,131.090001531442,1.3309853076934814,,,3.003823271642758e-05,56592.590148597854
39750,7874.3460783958435,131.2391013065974,1.314354419708252,,,3.002655088046739e-05,49870.87809989927
39800,7883.7535881996155,131.39589313666025,1.3987035751342773,,,3.001699276402686e-05,47777.86511966806
39850,7892.458916187286,131.54098193645478,1.3129124641418457,,,3.0009558517496734e-05,48402.65564122033
39900,7902.684859275818,131.71141432126362,1.4089765548706055,,,3.000424825785003e-05,25355.51369879693
39950,7911.6573622226715,131.86095603704453,1.418199896812439,,,3.0001062068640242e-05,63746.24934694847
39999,7920.092855930328,132.0015475988388,,1.392411082983017,4.02454186882732,,
